product_id|product_name|category|subcategory|brand|sku|unit_cost_usd|unit_price_usd|gross_margin_pct|weight_kg|is_digital|is_perishable|stock_quantity|reorder_level|supplier_country|launch_date|is_active|rating_avg|review_count|tags
PROD00001|KidzWorld Safety Gate Lite|Baby & Kids|Safety Gate|KidzWorld|SKU-84874|71.86|134.92|46.7|2.04|0|0|4742|90|South Africa|2018-10-04|1|4.2|1196|baby & kids,safety-gate,kidzworld
PROD00002|WellnessPlus Watch Lite|Fashion|Watch|WellnessPlus|SKU-61316|42.61|67.29|36.7|9.64|0|0|1789|191|Nigeria|2019-08-31|0|3.7|3793|fashion,watch,wellnessplus
PROD00003|LagosLux Eye Shadow Lite|Beauty & Personal Care|Eye Shadow|LagosLux|SKU-31019|18.2|39.42|53.8|2.13|1|0|118|149|China|2022-01-20|1|3.3|4162|beauty & personal care,eye-shadow,lagoslux
PROD00004|GlobalEdge Earbuds Lite|Electronics|Earbuds|GlobalEdge|SKU-39251|95.36|332.6|71.3|9.62|0|0|1403|38|China|2023-04-17|1|3.9|1660|electronics,earbuds,globaledge
PROD00005|GlobalEdge Toys|Baby & Kids|Toys|GlobalEdge|SKU-48090|96.59|181.78|46.9|5.49|0|1|1095|11|Kenya|2023-01-14|1|4.0|1128|baby & kids,toys,globaledge
PROD00006|KidzWorld Thermometer Lite|Health & Wellness|Thermometer|KidzWorld|SKU-74232|40.25|113.27|64.5|6.17|0|0|1714|171|Nigeria|2021-08-29|1|4.2|2680|health & wellness,thermometer,kidzworld
PROD00007|BrightHome Baby Food|Baby & Kids|Baby Food|BrightHome|SKU-20585|16.43|47.48|65.4|0.42|0|1|4405|75|USA|2019-06-12|1|3.2|390|baby & kids,baby-food,brighthome
PROD00008|SwiftBuy Smartphone|Electronics|Smartphone|SwiftBuy|SKU-15018|64.5|225.21|71.4|1.62|0|0|1891|10|India|2021-01-17|1|4.7|2249|electronics,smartphone,swiftbuy
PROD00009|WellnessPlus Sunglasses|Fashion|Sunglasses|WellnessPlus|SKU-85120|51.64|94.5|45.4|1.5|0|0|246|165|Kenya|2022-08-30|1|3.3|3457|fashion,sunglasses,wellnessplus
PROD00010|TechNova Eye Shadow Pro|Beauty & Personal Care|Eye Shadow|TechNova|SKU-11212|125.91|300.88|58.2|2.56|0|0|2082|105|Germany|2020-11-01|1|2.8|815|beauty & personal care,eye-shadow,technova
PROD00011|TechNova Hand Sanitizer Lite|Health & Wellness|Hand Sanitizer|TechNova|SKU-48030|41.79|99.25|57.9|7.91|0|0|225|35|South Africa|2019-01-25|1|3.5|3382|health & wellness,hand-sanitizer,technova
PROD00012|LearningLeap Handbag|Fashion|Handbag|LearningLeap|SKU-51661|3.53|5.9|40.2|8.2|0|0|3341|167|Nigeria|2019-02-09|1|4.5|1000|fashion,handbag,learningleap
PROD00013|GlobalEdge Granola Pro|Food & Beverages|Granola|GlobalEdge|SKU-31318|107.13|233.78|54.2|1.42|0|0|393|93|India|2023-02-11|1|4.2|1925|food & beverages,granola,globaledge
PROD00014|PurePlus Jacket Pro|Fashion|Jacket|PurePlus|SKU-50116|111.8|380.65|70.6|5.02|0|0|2784|183|India|2022-01-31|1|3.0|948|fashion,jacket,pureplus
PROD00015|GlobalEdge Face Mask Pro|Health & Wellness|Face Mask|GlobalEdge|SKU-33799|123.11|254.91|51.7|4.68|0|0|4523|147|USA|2022-07-05|1|3.0|3646|health & wellness,face-mask,globaledge
PROD00016|HomeEssentials Body Lotion Lite|Beauty & Personal Care|Body Lotion|HomeEssentials|SKU-57021|89.37|307.05|70.9|8.04|0|0|4157|11|UAE|2019-04-28|1|3.7|2535|beauty & personal care,body-lotion,homeessentials
PROD00017|GlobalEdge Kettle Lite|Home & Kitchen|Kettle|GlobalEdge|SKU-48668|92.55|303.1|69.5|6.64|0|0|1483|21|South Africa|2021-12-15|1|3.8|3644|home & kitchen,kettle,globaledge
PROD00018|NairobiMart Bed Sheets Lite|Home & Kitchen|Bed Sheets|NairobiMart|SKU-81860|18.73|33.63|44.3|2.31|0|0|2714|129|Nigeria|2019-08-08|1|3.4|852|home & kitchen,bed-sheets,nairobimart
PROD00019|TechNova Laptop Pro|Electronics|Laptop|TechNova|SKU-56746|3.08|8.0|61.5|9.68|0|0|319|37|South Africa|2019-11-19|1|4.5|1650|electronics,laptop,technova
PROD00020|LearningLeap Educational Toy Lite|Baby & Kids|Educational Toy|LearningLeap|SKU-45690|90.48|198.11|54.3|4.64|0|1|4158|172|India|2018-01-29|1|4.8|2300|baby & kids,educational-toy,learningleap
PROD00021|LagosLux Protein Bars Pro|Food & Beverages|Protein Bars|LagosLux|SKU-85005|111.85|332.21|66.3|6.08|0|0|4869|42|UAE|2019-03-07|1|4.8|3227|food & beverages,protein-bars,lagoslux
PROD00022|EcoLife Face Cream Pro|Beauty & Personal Care|Face Cream|EcoLife|SKU-78032|34.05|96.06|64.6|6.8|0|0|1192|141|South Africa|2023-09-29|1|4.2|4473|beauty & personal care,face-cream,ecolife
PROD00023|EcoLife Coffee Maker Pro|Home & Kitchen|Coffee Maker|EcoLife|SKU-16704|145.47|346.45|58.0|7.15|0|0|70|175|China|2023-04-11|1|4.1|2434|home & kitchen,coffee-maker,ecolife
PROD00024|BrightHome Tablet Pro|Electronics|Tablet|BrightHome|SKU-50593|71.0|233.69|69.6|2.84|0|0|354|125|Nigeria|2019-11-29|1|3.1|2812|electronics,tablet,brighthome
PROD00025|EcoLife Coffee Maker Lite|Home & Kitchen|Coffee Maker|EcoLife|SKU-61249|46.76|109.84|57.4|0.41|0|0|2122|73|South Africa|2023-10-13|1|4.1|2698|home & kitchen,coffee-maker,ecolife
PROD00026|AfriShop Nail Polish Pro|Beauty & Personal Care|Nail Polish|AfriShop|SKU-66255|70.92|189.54|62.6|3.7|0|0|3690|139|India|2023-07-29|1|4.3|590|beauty & personal care,nail-polish,afrishop
PROD00027|KidzWorld Eye Shadow|Beauty & Personal Care|Eye Shadow|KidzWorld|SKU-15104|80.36|280.58|71.4|4.94|0|0|1724|24|UAE|2019-02-05|1|4.6|3814|beauty & personal care,eye-shadow,kidzworld
PROD00028|LagosLux Planner Pro|Books & Learning|Planner|LagosLux|SKU-51458|132.38|376.06|64.8|6.61|0|0|21|135|India|2022-05-08|1|3.1|1616|books & learning,planner,lagoslux
PROD00029|BrightHome Sandals Lite|Fashion|Sandals|BrightHome|SKU-89169|44.53|84.44|47.3|3.47|0|0|2728|184|China|2020-02-07|1|4.5|1132|fashion,sandals,brighthome
PROD00030|BrightHome Jeans Lite|Fashion|Jeans|BrightHome|SKU-53386|31.75|75.03|57.7|8.11|0|0|3690|49|Germany|2018-08-08|1|4.9|2012|fashion,jeans,brighthome
PROD00031|KidzWorld Coffee Maker Pro|Home & Kitchen|Coffee Maker|KidzWorld|SKU-53219|74.63|150.25|50.3|8.87|0|0|2924|90|South Africa|2021-11-12|1|5.0|343|home & kitchen,coffee-maker,kidzworld
PROD00032|AfriShop Yoga Mat|Health & Wellness|Yoga Mat|AfriShop|SKU-50523|9.02|14.78|39.0|2.73|0|0|2952|154|Germany|2023-04-10|1|3.0|1311|health & wellness,yoga-mat,afrishop
PROD00033|HomeEssentials Laptop Lite|Electronics|Laptop|HomeEssentials|SKU-29329|85.87|287.41|70.1|4.83|0|0|116|117|South Africa|2018-05-02|1|3.7|1260|electronics,laptop,homeessentials
PROD00034|PanAfri Kettle Lite|Home & Kitchen|Kettle|PanAfri|SKU-13462|136.23|345.5|60.6|3.71|0|0|3434|152|South Africa|2020-10-14|1|4.9|3039|home & kitchen,kettle,panafri
PROD00035|BrightHome Jacket|Fashion|Jacket|BrightHome|SKU-63462|122.26|258.49|52.7|2.2|0|0|54|137|UAE|2023-06-19|1|4.1|2552|fashion,jacket,brighthome
PROD00036|EcoLife Olive Oil Pro|Food & Beverages|Olive Oil|EcoLife|SKU-35124|97.99|237.64|58.8|5.81|0|1|3367|19|China|2023-10-30|1|4.4|2000|food & beverages,olive-oil,ecolife
PROD00037|TechNova Eye Shadow Pro|Beauty & Personal Care|Eye Shadow|TechNova|SKU-65586|108.97|377.52|71.1|8.91|0|0|1505|185|USA|2019-09-06|1|3.8|2762|beauty & personal care,eye-shadow,technova
PROD00038|TechNova Business Book Lite|Books & Learning|Business Book|TechNova|SKU-70585|18.31|55.37|66.9|0.34|0|0|2791|183|Kenya|2019-12-09|1|3.3|1710|books & learning,business-book,technova
PROD00039|UrbanCo Body Lotion Lite|Beauty & Personal Care|Body Lotion|UrbanCo|SKU-25008|92.91|219.26|57.6|3.89|0|0|4515|176|India|2020-08-31|1|4.6|594|beauty & personal care,body-lotion,urbanco
PROD00040|GlobalEdge Board Game Pro|Books & Learning|Board Game|GlobalEdge|SKU-29229|87.96|192.95|54.4|1.21|0|0|1837|16|UAE|2018-12-15|1|4.8|345|books & learning,board-game,globaledge
PROD00041|HomeEssentials Coffee Beans|Food & Beverages|Coffee Beans|HomeEssentials|SKU-46664|21.51|36.68|41.4|1.9|0|1|4584|92|UAE|2022-12-28|1|4.8|1190|food & beverages,coffee-beans,homeessentials
PROD00042|TechNova Business Book Pro|Books & Learning|Business Book|TechNova|SKU-13380|31.45|54.52|42.3|9.6|0|0|1371|117|China|2021-04-07|1|4.3|2995|books & learning,business-book,technova
PROD00043|BrightHome Puzzle|Books & Learning|Puzzle|BrightHome|SKU-84431|23.19|75.37|69.2|4.23|0|0|159|175|Nigeria|2020-12-22|1|4.3|2105|books & learning,puzzle,brighthome
PROD00044|GlobalEdge Knife Set Lite|Home & Kitchen|Knife Set|GlobalEdge|SKU-71508|56.18|104.31|46.1|5.0|0|0|2137|13|UAE|2018-01-15|1|4.3|2233|home & kitchen,knife-set,globaledge
PROD00045|BrightHome Eye Shadow Pro|Beauty & Personal Care|Eye Shadow|BrightHome|SKU-66882|73.35|173.26|57.7|0.96|0|0|4210|138|UAE|2019-09-20|1|3.1|4279|beauty & personal care,eye-shadow,brighthome
PROD00046|PanAfri Coffee Beans Pro|Food & Beverages|Coffee Beans|PanAfri|SKU-19332|78.36|272.43|71.2|7.1|0|1|3584|16|China|2021-10-31|1|3.9|4226|food & beverages,coffee-beans,panafri
PROD00047|AfriShop Eye Shadow Lite|Beauty & Personal Care|Eye Shadow|AfriShop|SKU-36380|52.2|152.95|65.9|0.84|0|0|3288|106|Germany|2023-04-18|0|4.1|3012|beauty & personal care,eye-shadow,afrishop
PROD00048|PanAfri Laptop Pro|Electronics|Laptop|PanAfri|SKU-32832|71.53|178.81|60.0|7.63|0|0|1093|152|South Africa|2020-09-02|0|4.3|2212|electronics,laptop,panafri
PROD00049|TechNova Self-Help Book Pro|Books & Learning|Self-Help Book|TechNova|SKU-90845|119.4|188.41|36.6|5.61|0|0|161|143|UAE|2018-01-12|0|3.1|9|books & learning,self-help-book,technova
PROD00050|TechNova Deodorant|Beauty & Personal Care|Deodorant|TechNova|SKU-71255|74.43|244.63|69.6|6.52|0|0|449|130|Germany|2018-08-27|1|3.3|4488|beauty & personal care,deodorant,technova
PROD00051|FreshFarms Webcam|Electronics|Webcam|FreshFarms|SKU-48492|110.61|293.55|62.3|4.18|0|0|2683|27|Kenya|2018-05-24|0|4.1|4|electronics,webcam,freshfarms
PROD00052|KidzWorld Vitamins|Health & Wellness|Vitamins|KidzWorld|SKU-33148|10.5|17.04|38.4|0.22|1|0|2850|180|Germany|2023-04-24|1|4.5|1881|health & wellness,vitamins,kidzworld
PROD00053|GlobalEdge Board Game Pro|Books & Learning|Board Game|GlobalEdge|SKU-91278|7.82|11.14|29.8|9.02|0|0|4940|131|Germany|2023-03-03|1|4.2|2734|books & learning,board-game,globaledge
PROD00054|StyleHub Online Course Pro|Books & Learning|Online Course|StyleHub|SKU-50531|50.23|161.78|69.0|2.62|0|0|2838|48|Nigeria|2020-11-22|1|3.2|2304|books & learning,online-course,stylehub
PROD00055|TechNova Air Fryer Pro|Home & Kitchen|Air Fryer|TechNova|SKU-67777|44.78|95.53|53.1|2.99|0|0|3001|33|India|2020-09-03|1|4.5|1882|home & kitchen,air-fryer,technova
PROD00056|StyleHub Wireless Mouse Lite|Electronics|Wireless Mouse|StyleHub|SKU-89681|120.04|267.75|55.2|4.53|0|0|3086|11|South Africa|2021-11-07|1|3.0|3750|electronics,wireless-mouse,stylehub
PROD00057|AfriShop Blood Pressure Monitor Pro|Health & Wellness|Blood Pressure Monitor|AfriShop|SKU-61247|120.59|300.75|59.9|5.21|1|0|2235|160|China|2023-10-13|1|4.9|2764|health & wellness,blood-pressure-monitor,afrishop
PROD00058|TechNova Thermometer Pro|Health & Wellness|Thermometer|TechNova|SKU-68223|28.12|82.74|66.0|2.63|0|0|4627|168|Nigeria|2020-05-06|1|3.6|1994|health & wellness,thermometer,technova
PROD00059|PanAfri Jacket Lite|Fashion|Jacket|PanAfri|SKU-21865|146.18|430.78|66.1|6.95|1|0|4244|105|Kenya|2023-12-29|1|4.3|4191|fashion,jacket,panafri
PROD00060|HomeEssentials Board Game Lite|Books & Learning|Board Game|HomeEssentials|SKU-20010|101.24|296.28|65.8|2.5|0|0|3375|40|India|2018-08-03|1|3.8|1626|books & learning,board-game,homeessentials
PROD00061|HomeEssentials Tablet Pro|Electronics|Tablet|HomeEssentials|SKU-29372|4.22|12.64|66.6|6.6|0|0|1268|98|UAE|2019-07-04|1|4.7|2428|electronics,tablet,homeessentials
PROD00062|GlobalEdge Deodorant Pro|Beauty & Personal Care|Deodorant|GlobalEdge|SKU-73474|123.93|308.06|59.8|9.22|0|0|835|193|USA|2018-09-21|1|4.6|3854|beauty & personal care,deodorant,globaledge
PROD00063|HomeEssentials Tablet|Electronics|Tablet|HomeEssentials|SKU-42493|44.17|90.13|51.0|9.36|0|0|3946|194|Germany|2023-04-28|0|4.7|660|electronics,tablet,homeessentials
PROD00064|StyleHub Diapers|Baby & Kids|Diapers|StyleHub|SKU-45576|14.54|25.95|44.0|3.51|0|0|1482|118|UAE|2022-10-19|1|3.9|3727|baby & kids,diapers,stylehub
PROD00065|HomeEssentials Webcam|Electronics|Webcam|HomeEssentials|SKU-77203|80.14|270.51|70.4|2.65|0|0|2415|27|India|2021-02-11|1|4.8|1115|electronics,webcam,homeessentials
PROD00066|SwiftBuy Nail Polish|Beauty & Personal Care|Nail Polish|SwiftBuy|SKU-88914|64.14|209.74|69.4|4.41|0|0|2726|179|Kenya|2020-05-05|1|4.8|4226|beauty & personal care,nail-polish,swiftbuy
PROD00067|ZonoTech Board Game Pro|Books & Learning|Board Game|ZonoTech|SKU-79204|19.3|61.08|68.4|2.93|0|0|4948|72|Nigeria|2021-12-02|1|4.8|572|books & learning,board-game,zonotech
PROD00068|StyleHub Jacket Pro|Fashion|Jacket|StyleHub|SKU-41456|84.49|189.62|55.4|8.69|1|0|3812|17|Nigeria|2021-10-05|1|3.9|2589|fashion,jacket,stylehub
PROD00069|LagosLux Smart Watch Lite|Electronics|Smart Watch|LagosLux|SKU-49257|58.68|98.33|40.3|2.49|1|0|3604|182|USA|2023-07-09|1|3.7|1326|electronics,smart-watch,lagoslux
PROD00070|UrbanCo Tablet Lite|Electronics|Tablet|UrbanCo|SKU-23780|70.12|226.92|69.1|1.39|1|0|4453|188|China|2023-07-07|1|3.2|3999|electronics,tablet,urbanco
PROD00071|AfriShop Deodorant Lite|Beauty & Personal Care|Deodorant|AfriShop|SKU-55444|136.21|309.74|56.0|6.26|0|0|4207|112|Nigeria|2020-08-06|1|3.5|2428|beauty & personal care,deodorant,afrishop
PROD00072|LearningLeap Hair Oil Pro|Beauty & Personal Care|Hair Oil|LearningLeap|SKU-99215|139.72|244.09|42.8|5.27|0|0|622|53|Nigeria|2022-11-08|1|4.8|2589|beauty & personal care,hair-oil,learningleap
PROD00073|PurePlus Dried Fruits Pro|Food & Beverages|Dried Fruits|PurePlus|SKU-50653|60.35|201.38|70.0|1.84|0|1|4363|83|UAE|2018-05-28|1|2.9|649|food & beverages,dried-fruits,pureplus
PROD00074|GlobalEdge Sunglasses Pro|Fashion|Sunglasses|GlobalEdge|SKU-70328|122.73|311.1|60.5|1.0|0|0|1372|63|USA|2018-03-10|1|3.8|3126|fashion,sunglasses,globaledge
PROD00075|StyleHub Thermometer Lite|Health & Wellness|Thermometer|StyleHub|SKU-72984|147.08|245.07|40.0|5.5|0|0|4436|189|South Africa|2020-02-02|1|4.0|3102|health & wellness,thermometer,stylehub
PROD00076|EcoLife Baby Clothes Pro|Baby & Kids|Baby Clothes|EcoLife|SKU-68829|24.98|61.51|59.4|5.65|0|0|655|200|China|2022-07-24|1|4.0|1817|baby & kids,baby-clothes,ecolife
PROD00077|FreshFarms Language Learning Kit Pro|Books & Learning|Language Learning Kit|FreshFarms|SKU-93441|122.55|365.72|66.5|7.07|0|0|2802|118|USA|2020-03-01|0|3.1|3710|books & learning,language-learning-kit,freshfarms
PROD00078|AfriShop First Aid Kit|Health & Wellness|First Aid Kit|AfriShop|SKU-86547|11.22|23.5|52.3|4.75|1|0|1030|128|India|2019-06-03|1|3.6|3671|health & wellness,first-aid-kit,afrishop
PROD00079|UrbanCo Baby Clothes Lite|Baby & Kids|Baby Clothes|UrbanCo|SKU-29974|107.25|327.78|67.3|3.38|0|0|4269|164|India|2023-01-17|1|5.0|316|baby & kids,baby-clothes,urbanco
PROD00080|LagosLux Diapers Lite|Baby & Kids|Diapers|LagosLux|SKU-19063|18.29|43.91|58.3|3.66|0|0|2338|112|UAE|2020-08-11|1|4.7|2812|baby & kids,diapers,lagoslux
PROD00081|ZonoTech Storage Containers Lite|Home & Kitchen|Storage Containers|ZonoTech|SKU-44675|46.66|159.91|70.8|7.49|0|0|1869|63|USA|2020-01-01|1|3.0|1335|home & kitchen,storage-containers,zonotech
PROD00082|HomeEssentials Watch Lite|Fashion|Watch|HomeEssentials|SKU-13802|91.54|195.87|53.3|0.2|0|0|1324|71|Germany|2021-07-05|1|4.1|2285|fashion,watch,homeessentials
PROD00083|StyleHub Stroller Lite|Baby & Kids|Stroller|StyleHub|SKU-52340|43.36|105.16|58.8|2.14|0|0|386|67|India|2023-09-27|1|3.1|4133|baby & kids,stroller,stylehub
PROD00084|NairobiMart Art Supplies|Books & Learning|Art Supplies|NairobiMart|SKU-65613|130.47|285.66|54.3|5.54|1|0|4490|29|China|2018-03-11|0|3.6|1789|books & learning,art-supplies,nairobimart
PROD00085|WellnessPlus Smart Watch|Electronics|Smart Watch|WellnessPlus|SKU-26947|44.19|136.86|67.7|6.4|0|0|1357|140|UAE|2018-10-18|0|4.8|2996|electronics,smart-watch,wellnessplus
PROD00086|StyleHub Safety Gate Pro|Baby & Kids|Safety Gate|StyleHub|SKU-86200|100.03|217.36|54.0|6.71|0|0|2790|155|South Africa|2022-02-28|0|2.9|2806|baby & kids,safety-gate,stylehub
PROD00087|EcoLife Shampoo Lite|Beauty & Personal Care|Shampoo|EcoLife|SKU-68079|104.18|230.46|54.8|1.24|0|0|2344|29|India|2021-11-14|0|4.3|1073|beauty & personal care,shampoo,ecolife
PROD00088|PanAfri Jacket Lite|Fashion|Jacket|PanAfri|SKU-79414|121.92|186.49|34.6|6.49|0|0|608|110|South Africa|2019-01-30|1|4.1|1515|fashion,jacket,panafri
PROD00089|UrbanCo Hair Oil|Beauty & Personal Care|Hair Oil|UrbanCo|SKU-29521|125.34|273.99|54.3|0.69|0|0|1110|131|Nigeria|2020-12-09|1|2.9|4480|beauty & personal care,hair-oil,urbanco
PROD00090|UrbanCo Handbag Pro|Fashion|Handbag|UrbanCo|SKU-99548|142.81|256.48|44.3|8.6|0|0|750|53|Germany|2021-03-16|1|4.3|1640|fashion,handbag,urbanco
PROD00091|EcoLife Storage Containers Pro|Home & Kitchen|Storage Containers|EcoLife|SKU-85481|45.57|143.75|68.3|2.58|0|0|725|151|China|2022-01-21|1|4.3|2896|home & kitchen,storage-containers,ecolife
PROD00092|BrightHome Bed Sheets Lite|Home & Kitchen|Bed Sheets|BrightHome|SKU-72711|88.7|135.57|34.6|6.12|0|0|1116|177|India|2019-09-23|1|3.7|707|home & kitchen,bed-sheets,brighthome
PROD00093|NairobiMart Deodorant|Beauty & Personal Care|Deodorant|NairobiMart|SKU-40569|143.36|436.05|67.1|2.69|0|0|3005|131|Kenya|2020-04-07|1|4.5|3542|beauty & personal care,deodorant,nairobimart
PROD00094|WellnessPlus Lipstick|Beauty & Personal Care|Lipstick|WellnessPlus|SKU-26832|65.85|149.72|56.0|1.25|0|0|212|52|Kenya|2020-04-14|1|5.0|323|beauty & personal care,lipstick,wellnessplus
PROD00095|UrbanCo Herbal Tea Lite|Food & Beverages|Herbal Tea|UrbanCo|SKU-88950|90.03|183.77|51.0|0.6|0|0|575|158|Nigeria|2022-08-16|1|3.6|1542|food & beverages,herbal-tea,urbanco
PROD00096|LagosLux Laptop|Electronics|Laptop|LagosLux|SKU-97910|102.39|330.17|69.0|2.25|0|0|4600|196|India|2019-01-21|1|3.1|3531|electronics,laptop,lagoslux
PROD00097|KidzWorld Educational Toy Pro|Baby & Kids|Educational Toy|KidzWorld|SKU-19070|10.91|22.16|50.8|9.12|0|0|1783|186|Kenya|2019-04-17|1|4.5|3925|baby & kids,educational-toy,kidzworld
PROD00098|AfriShop Spice Mix Lite|Food & Beverages|Spice Mix|AfriShop|SKU-30825|50.2|161.66|68.9|0.33|0|1|2158|161|South Africa|2022-10-27|1|3.9|2097|food & beverages,spice-mix,afrishop
PROD00099|KidzWorld Thermometer Pro|Health & Wellness|Thermometer|KidzWorld|SKU-75002|116.18|246.81|52.9|4.59|0|0|1257|101|UAE|2019-09-15|1|4.6|1711|health & wellness,thermometer,kidzworld
PROD00100|TechNova Hair Oil Lite|Beauty & Personal Care|Hair Oil|TechNova|SKU-20070|6.84|12.39|44.8|1.02|0|0|449|90|UAE|2018-05-07|0|4.5|3105|beauty & personal care,hair-oil,technova
PROD00101|AfriShop Baby Monitor|Baby & Kids|Baby Monitor|AfriShop|SKU-89630|65.41|211.03|69.0|2.88|0|0|3251|111|India|2019-07-15|0|3.3|3778|baby & kids,baby-monitor,afrishop
PROD00102|ZonoTech Smartphone Lite|Electronics|Smartphone|ZonoTech|SKU-13463|75.49|223.34|66.2|5.84|0|0|538|80|China|2022-09-20|1|3.2|2443|electronics,smartphone,zonotech
PROD00103|ZonoTech Smart Watch Pro|Electronics|Smart Watch|ZonoTech|SKU-74345|120.46|271.4|55.6|3.0|0|0|4437|187|India|2019-12-02|1|3.5|42|electronics,smart-watch,zonotech
PROD00104|KidzWorld Dried Fruits Pro|Food & Beverages|Dried Fruits|KidzWorld|SKU-81006|30.42|76.1|60.0|8.4|0|1|2766|200|Germany|2021-12-29|1|4.7|1733|food & beverages,dried-fruits,kidzworld
PROD00105|LagosLux Dried Fruits Pro|Food & Beverages|Dried Fruits|LagosLux|SKU-38150|134.44|457.78|70.6|9.2|0|1|1926|119|UAE|2020-04-24|1|3.9|3247|food & beverages,dried-fruits,lagoslux
PROD00106|SwiftBuy Backpack|Fashion|Backpack|SwiftBuy|SKU-40852|24.37|46.43|47.5|4.17|0|0|4250|89|Nigeria|2022-09-21|1|3.4|3528|fashion,backpack,swiftbuy
PROD00107|PurePlus First Aid Kit Pro|Health & Wellness|First Aid Kit|PurePlus|SKU-27074|17.44|32.87|46.9|0.48|0|0|3746|95|South Africa|2019-11-22|1|3.9|305|health & wellness,first-aid-kit,pureplus
PROD00108|PurePlus Air Fryer|Home & Kitchen|Air Fryer|PurePlus|SKU-45304|55.68|113.25|50.8|2.61|1|0|3599|55|Kenya|2021-06-30|1|4.3|560|home & kitchen,air-fryer,pureplus
PROD00109|StyleHub Air Fryer Lite|Home & Kitchen|Air Fryer|StyleHub|SKU-35984|82.24|135.56|39.3|8.79|1|0|4230|165|USA|2022-06-26|1|2.8|2726|home & kitchen,air-fryer,stylehub
PROD00110|BrightHome Face Mask Pro|Health & Wellness|Face Mask|BrightHome|SKU-43843|107.26|210.89|49.1|1.84|0|0|2021|107|Germany|2020-08-06|1|3.0|2186|health & wellness,face-mask,brighthome
PROD00111|SwiftBuy Baby Clothes Lite|Baby & Kids|Baby Clothes|SwiftBuy|SKU-46806|45.64|140.5|67.5|9.92|0|1|3360|118|China|2018-02-06|1|2.8|706|baby & kids,baby-clothes,swiftbuy
PROD00112|StyleHub Toys|Baby & Kids|Toys|StyleHub|SKU-38907|97.6|164.86|40.8|9.69|0|0|2187|185|USA|2019-02-10|1|4.4|3645|baby & kids,toys,stylehub
PROD00113|TechNova Baby Monitor Lite|Baby & Kids|Baby Monitor|TechNova|SKU-17255|120.28|226.93|47.0|9.43|0|0|3694|15|India|2020-11-25|1|4.4|696|baby & kids,baby-monitor,technova
PROD00114|FreshFarms Storage Containers Lite|Home & Kitchen|Storage Containers|FreshFarms|SKU-44029|7.87|12.89|38.9|8.58|0|0|157|71|Germany|2023-12-02|1|4.0|1546|home & kitchen,storage-containers,freshfarms
PROD00115|WellnessPlus T-Shirt|Fashion|T-Shirt|WellnessPlus|SKU-84765|7.99|22.78|64.9|3.37|0|0|2747|191|Kenya|2021-06-02|1|4.1|2911|fashion,t-shirt,wellnessplus
PROD00116|UrbanCo Coffee Maker|Home & Kitchen|Coffee Maker|UrbanCo|SKU-21081|93.12|206.09|54.8|9.81|0|0|3899|188|South Africa|2022-11-18|1|3.6|4100|home & kitchen,coffee-maker,urbanco
PROD00117|ZonoTech Vitamins Pro|Health & Wellness|Vitamins|ZonoTech|SKU-18760|19.5|66.89|70.8|6.52|0|0|2219|88|UAE|2021-03-11|1|3.5|1508|health & wellness,vitamins,zonotech
PROD00118|BrightHome Sunglasses Pro|Fashion|Sunglasses|BrightHome|SKU-82194|102.1|317.92|67.9|2.36|0|0|2281|197|UAE|2019-01-09|1|4.3|378|fashion,sunglasses,brighthome
PROD00119|NairobiMart Vitamins Pro|Health & Wellness|Vitamins|NairobiMart|SKU-23558|68.41|162.59|57.9|1.34|0|0|2325|172|South Africa|2023-01-11|1|3.0|1961|health & wellness,vitamins,nairobimart
PROD00120|PurePlus Vitamins Pro|Health & Wellness|Vitamins|PurePlus|SKU-49549|131.47|398.91|67.0|5.64|0|0|2362|54|India|2021-07-07|1|4.5|4438|health & wellness,vitamins,pureplus
PROD00121|SwiftBuy Online Course Pro|Books & Learning|Online Course|SwiftBuy|SKU-57081|74.06|208.59|64.5|8.61|0|0|4700|152|Kenya|2020-05-02|1|3.1|2668|books & learning,online-course,swiftbuy
PROD00122|PurePlus Jeans Lite|Fashion|Jeans|PurePlus|SKU-54780|96.67|328.31|70.6|5.22|0|0|530|144|UAE|2018-06-03|1|3.9|2274|fashion,jeans,pureplus
PROD00123|ZonoTech Protein Powder|Health & Wellness|Protein Powder|ZonoTech|SKU-19970|74.68|195.02|61.7|3.08|0|0|2085|107|Kenya|2019-02-27|0|4.7|1975|health & wellness,protein-powder,zonotech
PROD00124|WellnessPlus Face Cream Pro|Beauty & Personal Care|Face Cream|WellnessPlus|SKU-49580|56.4|114.9|50.9|8.74|0|0|4228|149|South Africa|2020-01-27|1|5.0|3955|beauty & personal care,face-cream,wellnessplus
PROD00125|HomeEssentials Tablet|Electronics|Tablet|HomeEssentials|SKU-71440|102.18|351.47|70.9|5.65|0|0|1204|97|India|2019-12-08|1|3.0|708|electronics,tablet,homeessentials
PROD00126|ZonoTech Sandals|Fashion|Sandals|ZonoTech|SKU-86749|83.94|146.32|42.6|0.7|0|0|3324|115|China|2019-08-31|1|3.6|1665|fashion,sandals,zonotech
PROD00127|SwiftBuy USB Hub|Electronics|USB Hub|SwiftBuy|SKU-50296|124.85|344.32|63.7|4.08|0|0|4338|44|Kenya|2018-01-05|1|3.2|3869|electronics,usb-hub,swiftbuy
PROD00128|ZonoTech Sneakers Lite|Fashion|Sneakers|ZonoTech|SKU-79170|68.71|213.18|67.8|6.35|0|0|3415|192|Nigeria|2020-07-09|1|3.9|287|fashion,sneakers,zonotech
PROD00129|LearningLeap Webcam Lite|Electronics|Webcam|LearningLeap|SKU-67041|37.48|92.19|59.3|4.97|0|0|3606|114|USA|2022-08-06|1|4.7|2346|electronics,webcam,learningleap
PROD00130|BrightHome Diapers|Baby & Kids|Diapers|BrightHome|SKU-98733|61.06|142.11|57.0|2.83|0|0|4113|36|UAE|2021-01-16|1|4.1|28|baby & kids,diapers,brighthome
PROD00131|SwiftBuy Smartphone Pro|Electronics|Smartphone|SwiftBuy|SKU-17996|48.18|144.82|66.7|1.94|0|0|3253|166|India|2018-08-27|1|4.7|3186|electronics,smartphone,swiftbuy
PROD00132|FreshFarms Language Learning Kit Pro|Books & Learning|Language Learning Kit|FreshFarms|SKU-39187|28.26|94.54|70.1|2.49|0|0|270|128|Germany|2018-06-10|1|3.3|708|books & learning,language-learning-kit,freshfarms
PROD00133|LearningLeap Planner|Books & Learning|Planner|LearningLeap|SKU-72735|53.4|147.35|63.8|3.74|0|0|4570|61|UAE|2018-04-12|1|4.6|1719|books & learning,planner,learningleap
PROD00134|StyleHub Eye Shadow|Beauty & Personal Care|Eye Shadow|StyleHub|SKU-38455|91.27|167.81|45.6|9.93|0|0|4364|100|Nigeria|2019-10-15|1|4.5|1891|beauty & personal care,eye-shadow,stylehub
PROD00135|PanAfri Wireless Mouse Pro|Electronics|Wireless Mouse|PanAfri|SKU-75181|134.6|423.87|68.2|6.77|0|0|4749|63|Kenya|2018-05-25|1|3.3|3862|electronics,wireless-mouse,panafri
PROD00136|ZonoTech Vitamins|Health & Wellness|Vitamins|ZonoTech|SKU-14460|82.85|217.61|61.9|2.12|0|0|2188|60|India|2020-08-13|1|3.2|1014|health & wellness,vitamins,zonotech
PROD00137|LearningLeap Sandals Lite|Fashion|Sandals|LearningLeap|SKU-20812|33.95|67.56|49.7|1.37|0|0|4484|170|China|2021-01-08|1|3.8|4290|fashion,sandals,learningleap
PROD00138|LagosLux Jacket Pro|Fashion|Jacket|LagosLux|SKU-80825|73.2|167.19|56.2|0.26|0|0|3163|85|South Africa|2021-12-31|1|4.4|1180|fashion,jacket,lagoslux
PROD00139|FreshFarms Air Fryer Pro|Home & Kitchen|Air Fryer|FreshFarms|SKU-70760|74.95|214.59|65.1|6.25|0|0|2370|17|South Africa|2020-04-24|1|4.2|3688|home & kitchen,air-fryer,freshfarms
PROD00140|StyleHub Perfume Lite|Beauty & Personal Care|Perfume|StyleHub|SKU-27404|79.79|172.47|53.7|5.31|0|0|4687|19|India|2023-02-15|1|4.1|4242|beauty & personal care,perfume,stylehub
PROD00141|SwiftBuy Olive Oil|Food & Beverages|Olive Oil|SwiftBuy|SKU-76821|14.8|32.29|54.2|3.8|0|0|2829|102|Kenya|2018-05-03|1|2.8|3570|food & beverages,olive-oil,swiftbuy
PROD00142|LearningLeap Hand Sanitizer Lite|Health & Wellness|Hand Sanitizer|LearningLeap|SKU-39249|62.5|175.58|64.4|9.91|0|0|3858|33|Germany|2023-12-19|1|3.1|2935|health & wellness,hand-sanitizer,learningleap
PROD00143|NairobiMart Board Game|Books & Learning|Board Game|NairobiMart|SKU-29219|133.91|187.75|28.7|8.58|0|0|1250|36|South Africa|2021-12-14|1|3.7|3618|books & learning,board-game,nairobimart
PROD00144|SwiftBuy Tablet Lite|Electronics|Tablet|SwiftBuy|SKU-90620|87.2|302.6|71.2|3.43|0|0|59|61|South Africa|2021-08-05|1|3.4|2967|electronics,tablet,swiftbuy
PROD00145|FreshFarms Jeans|Fashion|Jeans|FreshFarms|SKU-17022|32.16|76.76|58.1|1.58|0|0|128|179|USA|2023-03-31|0|3.6|3080|fashion,jeans,freshfarms
PROD00146|GlobalEdge Cookware Set Pro|Home & Kitchen|Cookware Set|GlobalEdge|SKU-36855|54.59|121.2|55.0|7.23|0|0|1392|196|India|2021-03-13|0|3.8|1751|home & kitchen,cookware-set,globaledge
PROD00147|NairobiMart Board Game Pro|Books & Learning|Board Game|NairobiMart|SKU-86055|65.63|145.83|55.0|1.33|0|0|2476|150|Nigeria|2022-06-12|1|4.4|3623|books & learning,board-game,nairobimart
PROD00148|PanAfri Online Course Pro|Books & Learning|Online Course|PanAfri|SKU-83088|63.76|130.0|51.0|8.88|0|0|1619|180|UAE|2023-10-07|1|3.6|2288|books & learning,online-course,panafri
PROD00149|KidzWorld Protein Powder Pro|Health & Wellness|Protein Powder|KidzWorld|SKU-90787|148.78|456.67|67.4|6.74|0|0|4060|34|Nigeria|2021-04-13|0|4.5|2996|health & wellness,protein-powder,kidzworld
PROD00150|LagosLux Towel Set|Home & Kitchen|Towel Set|LagosLux|SKU-45638|5.13|10.95|53.2|4.24|0|0|2458|75|UAE|2020-05-24|1|4.9|4420|home & kitchen,towel-set,lagoslux
PROD00151|HomeEssentials First Aid Kit Pro|Health & Wellness|First Aid Kit|HomeEssentials|SKU-52674|132.68|393.11|66.2|1.39|0|0|245|178|South Africa|2022-05-13|1|4.8|719|health & wellness,first-aid-kit,homeessentials
PROD00152|SwiftBuy Sandals|Fashion|Sandals|SwiftBuy|SKU-21871|68.05|209.43|67.5|5.97|0|0|4421|138|India|2022-12-28|1|4.6|2906|fashion,sandals,swiftbuy
PROD00153|TechNova Vitamins|Health & Wellness|Vitamins|TechNova|SKU-52384|77.69|209.75|63.0|0.67|0|0|4190|156|Nigeria|2021-02-22|1|4.1|1354|health & wellness,vitamins,technova
PROD00154|EcoLife Coffee Maker Lite|Home & Kitchen|Coffee Maker|EcoLife|SKU-87970|46.83|151.6|69.1|3.37|0|0|1529|36|South Africa|2022-05-12|1|3.3|3701|home & kitchen,coffee-maker,ecolife
PROD00155|ZonoTech Hair Oil|Beauty & Personal Care|Hair Oil|ZonoTech|SKU-91513|79.6|118.96|33.1|2.98|0|0|2454|160|China|2020-05-18|1|3.4|2262|beauty & personal care,hair-oil,zonotech
PROD00156|StyleHub Art Supplies Pro|Books & Learning|Art Supplies|StyleHub|SKU-20737|110.99|291.23|61.9|4.32|0|0|948|96|China|2020-08-31|1|4.6|3318|books & learning,art-supplies,stylehub
PROD00157|FreshFarms Journal Lite|Books & Learning|Journal|FreshFarms|SKU-19192|84.03|189.78|55.7|6.42|0|0|363|20|Germany|2019-05-18|1|4.1|1760|books & learning,journal,freshfarms
PROD00158|FreshFarms Smart Watch Pro|Electronics|Smart Watch|FreshFarms|SKU-96705|22.26|56.58|60.7|4.07|0|0|1830|141|South Africa|2021-07-16|1|4.5|212|electronics,smart-watch,freshfarms
PROD00159|BrightHome Stroller Pro|Baby & Kids|Stroller|BrightHome|SKU-11515|118.45|285.71|58.5|1.15|0|1|1510|85|South Africa|2023-03-23|1|4.0|3070|baby & kids,stroller,brighthome
PROD00160|AfriShop Sandals Pro|Fashion|Sandals|AfriShop|SKU-88346|59.56|197.74|69.9|3.02|0|0|4738|39|India|2022-07-02|1|4.4|296|fashion,sandals,afrishop
PROD00161|BrightHome Jacket Pro|Fashion|Jacket|BrightHome|SKU-87740|20.76|33.2|37.5|2.3|0|0|3373|146|UAE|2018-11-30|1|4.5|4034|fashion,jacket,brighthome
PROD00162|KidzWorld Toys Lite|Baby & Kids|Toys|KidzWorld|SKU-88308|4.14|5.9|29.8|8.52|0|0|4575|193|South Africa|2018-03-12|1|4.8|830|baby & kids,toys,kidzworld
PROD00163|StyleHub Nail Polish Lite|Beauty & Personal Care|Nail Polish|StyleHub|SKU-19728|15.31|52.39|70.8|7.65|0|0|2891|51|USA|2018-06-22|1|4.9|2172|beauty & personal care,nail-polish,stylehub
PROD00164|AfriShop Coffee Beans Lite|Food & Beverages|Coffee Beans|AfriShop|SKU-71759|141.72|444.49|68.1|5.01|0|1|1265|193|UAE|2020-11-10|1|3.7|870|food & beverages,coffee-beans,afrishop
PROD00165|GlobalEdge Dress Pro|Fashion|Dress|GlobalEdge|SKU-14302|136.05|415.89|67.3|6.53|0|0|3181|161|South Africa|2018-10-28|1|3.9|764|fashion,dress,globaledge
PROD00166|LagosLux Novel Pro|Books & Learning|Novel|LagosLux|SKU-18319|20.33|46.89|56.6|5.47|0|0|1079|181|India|2020-06-26|1|3.2|2925|books & learning,novel,lagoslux
PROD00167|LearningLeap Board Game Pro|Books & Learning|Board Game|LearningLeap|SKU-17807|116.04|303.99|61.8|4.35|0|0|942|82|South Africa|2022-10-30|1|4.3|863|books & learning,board-game,learningleap
PROD00168|TechNova Blender Lite|Home & Kitchen|Blender|TechNova|SKU-47775|96.09|249.69|61.5|3.66|0|0|729|26|USA|2018-07-20|1|4.5|48|home & kitchen,blender,technova
PROD00169|LagosLux Thermometer Lite|Health & Wellness|Thermometer|LagosLux|SKU-82980|62.53|123.53|49.4|7.71|0|0|3334|20|Kenya|2023-08-09|0|3.4|1934|health & wellness,thermometer,lagoslux
PROD00170|StyleHub Diapers|Baby & Kids|Diapers|StyleHub|SKU-62945|85.9|167.81|48.8|0.21|0|0|2723|138|China|2022-08-23|1|4.3|3741|baby & kids,diapers,stylehub
PROD00171|BrightHome Body Lotion Lite|Beauty & Personal Care|Body Lotion|BrightHome|SKU-81615|61.56|162.99|62.2|9.15|0|0|332|134|Germany|2019-08-04|1|3.4|2498|beauty & personal care,body-lotion,brighthome
PROD00172|ZonoTech Kettle Pro|Home & Kitchen|Kettle|ZonoTech|SKU-95267|45.68|98.4|53.6|4.49|0|0|2590|58|Germany|2023-02-04|1|3.7|701|home & kitchen,kettle,zonotech
PROD00173|FreshFarms Dried Fruits Pro|Food & Beverages|Dried Fruits|FreshFarms|SKU-47446|31.7|50.75|37.5|5.0|0|0|1011|130|Germany|2022-03-18|1|3.5|117|food & beverages,dried-fruits,freshfarms
PROD00174|TechNova Lipstick Pro|Beauty & Personal Care|Lipstick|TechNova|SKU-21115|22.03|68.16|67.7|1.3|0|0|1123|194|Nigeria|2022-11-19|1|3.2|4276|beauty & personal care,lipstick,technova
PROD00175|PurePlus Stroller Lite|Baby & Kids|Stroller|PurePlus|SKU-98489|121.76|272.75|55.4|4.19|0|1|3027|106|USA|2023-08-01|1|4.6|2419|baby & kids,stroller,pureplus
PROD00176|GlobalEdge Smartphone Pro|Electronics|Smartphone|GlobalEdge|SKU-27319|12.25|26.51|53.8|2.14|0|0|1208|92|USA|2021-01-25|1|3.2|1240|electronics,smartphone,globaledge
PROD00177|TechNova Shampoo Lite|Beauty & Personal Care|Shampoo|TechNova|SKU-91173|125.18|175.43|28.6|3.16|0|0|512|125|USA|2019-03-19|1|4.7|2781|beauty & personal care,shampoo,technova
PROD00178|ZonoTech Honey Pro|Food & Beverages|Honey|ZonoTech|SKU-53313|95.01|314.22|69.8|2.07|0|0|4219|79|South Africa|2022-08-22|1|4.1|1883|food & beverages,honey,zonotech
PROD00179|PanAfri Body Lotion Pro|Beauty & Personal Care|Body Lotion|PanAfri|SKU-26197|38.6|64.32|40.0|0.17|0|0|1203|158|Germany|2020-11-23|1|3.3|892|beauty & personal care,body-lotion,panafri
PROD00180|NairobiMart Watch Pro|Fashion|Watch|NairobiMart|SKU-73632|44.31|64.92|31.7|5.17|0|0|1612|184|UAE|2023-05-28|1|4.0|2488|fashion,watch,nairobimart
PROD00181|PanAfri Face Cream Pro|Beauty & Personal Care|Face Cream|PanAfri|SKU-29303|17.21|28.24|39.1|2.36|0|0|4635|184|Kenya|2023-08-20|1|2.8|349|beauty & personal care,face-cream,panafri
PROD00182|TechNova Board Game Pro|Books & Learning|Board Game|TechNova|SKU-55063|25.14|51.6|51.3|9.93|0|0|3565|65|South Africa|2022-01-21|1|3.8|2312|books & learning,board-game,technova
PROD00183|PanAfri Knife Set Lite|Home & Kitchen|Knife Set|PanAfri|SKU-79885|64.3|193.62|66.8|1.52|0|0|4046|170|USA|2021-07-12|1|4.4|1050|home & kitchen,knife-set,panafri
PROD00184|SwiftBuy Shampoo Lite|Beauty & Personal Care|Shampoo|SwiftBuy|SKU-83020|51.06|78.73|35.1|7.6|0|0|2712|21|India|2020-10-28|1|3.3|4319|beauty & personal care,shampoo,swiftbuy
PROD00185|LearningLeap Yoga Mat Pro|Health & Wellness|Yoga Mat|LearningLeap|SKU-67852|144.44|250.4|42.3|4.03|0|0|3103|191|China|2023-12-21|1|4.0|4056|health & wellness,yoga-mat,learningleap
PROD00186|BrightHome Blood Pressure Monitor Lite|Health & Wellness|Blood Pressure Monitor|BrightHome|SKU-26958|106.9|335.49|68.1|0.65|0|0|1700|28|India|2022-05-17|1|4.1|841|health & wellness,blood-pressure-monitor,brighthome
PROD00187|PanAfri Knife Set Pro|Home & Kitchen|Knife Set|PanAfri|SKU-73014|61.23|97.97|37.5|8.43|0|0|673|75|Germany|2020-06-19|1|4.6|124|home & kitchen,knife-set,panafri
PROD00188|NairobiMart Eye Shadow Lite|Beauty & Personal Care|Eye Shadow|NairobiMart|SKU-88315|43.77|87.58|50.0|3.88|0|0|3779|89|Germany|2020-04-18|1|4.1|3922|beauty & personal care,eye-shadow,nairobimart
PROD00189|LagosLux Laptop|Electronics|Laptop|LagosLux|SKU-46258|103.48|223.63|53.7|7.88|0|0|1348|169|Nigeria|2023-03-30|1|2.9|374|electronics,laptop,lagoslux
PROD00190|UrbanCo Resistance Bands|Health & Wellness|Resistance Bands|UrbanCo|SKU-81137|36.26|73.72|50.8|7.04|0|0|3386|170|Kenya|2023-12-14|1|3.0|3900|health & wellness,resistance-bands,urbanco
PROD00191|TechNova Deodorant Pro|Beauty & Personal Care|Deodorant|TechNova|SKU-27148|10.89|31.5|65.4|1.24|0|0|1257|137|Germany|2020-06-09|1|5.0|1798|beauty & personal care,deodorant,technova
PROD00192|PanAfri Deodorant Pro|Beauty & Personal Care|Deodorant|PanAfri|SKU-37611|75.18|150.79|50.1|2.22|0|0|1525|68|South Africa|2020-12-17|1|4.8|3596|beauty & personal care,deodorant,panafri
PROD00193|UrbanCo Sneakers Pro|Fashion|Sneakers|UrbanCo|SKU-78860|69.22|196.59|64.8|2.26|0|0|3795|89|UAE|2023-04-16|1|3.9|52|fashion,sneakers,urbanco
PROD00194|ZonoTech T-Shirt Pro|Fashion|T-Shirt|ZonoTech|SKU-56301|35.51|78.42|54.7|4.08|1|0|3680|106|USA|2019-10-26|1|4.0|1266|fashion,t-shirt,zonotech
PROD00195|GlobalEdge Herbal Tea Lite|Food & Beverages|Herbal Tea|GlobalEdge|SKU-37856|118.75|327.1|63.7|8.6|0|0|4400|52|UAE|2020-12-07|1|3.1|2141|food & beverages,herbal-tea,globaledge
PROD00196|SwiftBuy Cookware Set Lite|Home & Kitchen|Cookware Set|SwiftBuy|SKU-94390|32.04|45.6|29.7|5.9|0|0|4668|52|China|2022-07-06|1|4.9|265|home & kitchen,cookware-set,swiftbuy
PROD00197|HomeEssentials Tablet|Electronics|Tablet|HomeEssentials|SKU-44684|54.79|103.36|47.0|2.14|0|0|2270|158|Kenya|2019-04-06|0|4.2|3547|electronics,tablet,homeessentials
PROD00198|LagosLux Power Bank Lite|Electronics|Power Bank|LagosLux|SKU-40807|25.64|49.97|48.7|4.73|0|0|3881|191|China|2021-06-11|1|4.4|1847|electronics,power-bank,lagoslux
PROD00199|PurePlus Jeans|Fashion|Jeans|PurePlus|SKU-54308|95.01|238.57|60.2|5.84|0|0|4525|170|South Africa|2020-11-22|1|4.2|4093|fashion,jeans,pureplus
PROD00200|SwiftBuy Wall Clock Pro|Home & Kitchen|Wall Clock|SwiftBuy|SKU-35352|138.45|254.47|45.6|9.1|0|0|4720|137|USA|2023-06-26|1|3.7|4033|home & kitchen,wall-clock,swiftbuy
PROD00201|KidzWorld First Aid Kit Pro|Health & Wellness|First Aid Kit|KidzWorld|SKU-65724|56.82|104.56|45.7|0.81|0|0|2528|32|UAE|2020-11-18|0|3.0|2834|health & wellness,first-aid-kit,kidzworld
PROD00202|HomeEssentials Smart Watch|Electronics|Smart Watch|HomeEssentials|SKU-66669|6.45|16.45|60.8|7.89|0|0|1572|61|China|2023-07-01|1|3.1|225|electronics,smart-watch,homeessentials
PROD00203|LagosLux Face Cream|Beauty & Personal Care|Face Cream|LagosLux|SKU-10029|14.02|26.22|46.5|3.15|0|0|1628|115|Germany|2023-08-08|1|4.5|2142|beauty & personal care,face-cream,lagoslux
PROD00204|ZonoTech Webcam|Electronics|Webcam|ZonoTech|SKU-60393|15.79|50.76|68.9|7.8|0|0|2048|127|China|2021-07-01|1|5.0|733|electronics,webcam,zonotech
PROD00205|KidzWorld Power Bank|Electronics|Power Bank|KidzWorld|SKU-85011|35.95|100.27|64.1|3.87|0|0|3171|125|USA|2018-05-30|1|3.7|369|electronics,power-bank,kidzworld
PROD00206|SwiftBuy Novel|Books & Learning|Novel|SwiftBuy|SKU-57688|70.34|162.34|56.7|5.14|0|0|4635|122|USA|2020-12-29|0|4.2|3841|books & learning,novel,swiftbuy
PROD00207|FreshFarms Protein Powder Pro|Health & Wellness|Protein Powder|FreshFarms|SKU-30572|56.2|159.17|64.7|7.71|0|0|58|40|Kenya|2021-10-06|1|4.2|3821|health & wellness,protein-powder,freshfarms
PROD00208|SwiftBuy Coconut Water Pro|Food & Beverages|Coconut Water|SwiftBuy|SKU-64225|94.93|169.36|43.9|0.15|0|0|2787|114|Nigeria|2018-09-15|1|4.5|2810|food & beverages,coconut-water,swiftbuy
PROD00209|KidzWorld Backpack Lite|Fashion|Backpack|KidzWorld|SKU-87484|32.47|69.1|53.0|3.0|0|0|1593|115|Germany|2021-01-17|1|2.9|3134|fashion,backpack,kidzworld
PROD00210|PanAfri Sunglasses Pro|Fashion|Sunglasses|PanAfri|SKU-55960|75.03|237.34|68.4|5.99|0|0|2161|198|South Africa|2023-10-24|1|4.4|3154|fashion,sunglasses,panafri
PROD00211|PurePlus Nail Polish Pro|Beauty & Personal Care|Nail Polish|PurePlus|SKU-20263|123.43|336.88|63.4|3.55|0|0|1954|80|UAE|2020-11-01|1|4.2|1062|beauty & personal care,nail-polish,pureplus
PROD00212|ZonoTech Blood Pressure Monitor Lite|Health & Wellness|Blood Pressure Monitor|ZonoTech|SKU-10728|116.87|222.85|47.6|5.64|0|0|4294|166|Nigeria|2021-07-13|1|4.2|2119|health & wellness,blood-pressure-monitor,zonotech
PROD00213|ZonoTech Knife Set Lite|Home & Kitchen|Knife Set|ZonoTech|SKU-14264|37.84|116.92|67.6|7.75|0|0|59|105|India|2023-12-20|1|4.4|3046|home & kitchen,knife-set,zonotech
PROD00214|SwiftBuy Storage Containers Lite|Home & Kitchen|Storage Containers|SwiftBuy|SKU-49707|30.42|81.37|62.6|9.76|0|0|2266|17|UAE|2020-06-25|1|2.9|2251|home & kitchen,storage-containers,swiftbuy
PROD00215|FreshFarms Dress Lite|Fashion|Dress|FreshFarms|SKU-43759|3.19|10.36|69.2|8.4|0|0|375|198|USA|2022-07-28|1|3.3|4366|fashion,dress,freshfarms
PROD00216|StyleHub Bed Sheets Pro|Home & Kitchen|Bed Sheets|StyleHub|SKU-71247|33.28|108.85|69.4|2.88|0|0|3228|120|China|2020-10-11|1|4.7|1118|home & kitchen,bed-sheets,stylehub
PROD00217|SwiftBuy Art Supplies|Books & Learning|Art Supplies|SwiftBuy|SKU-87940|123.87|321.79|61.5|1.55|1|0|4715|82|Kenya|2018-08-07|1|2.8|4007|books & learning,art-supplies,swiftbuy
PROD00218|AfriShop Storage Containers Pro|Home & Kitchen|Storage Containers|AfriShop|SKU-88161|73.99|186.45|60.3|3.35|0|0|4241|77|UAE|2023-05-03|1|3.8|4246|home & kitchen,storage-containers,afrishop
PROD00219|EcoLife Sunglasses|Fashion|Sunglasses|EcoLife|SKU-52130|129.87|187.74|30.8|4.53|0|0|2208|190|UAE|2023-12-04|1|4.7|187|fashion,sunglasses,ecolife
PROD00220|GlobalEdge Shampoo Lite|Beauty & Personal Care|Shampoo|GlobalEdge|SKU-79187|63.25|113.22|44.1|4.76|0|0|3853|25|UAE|2018-12-15|1|4.8|4438|beauty & personal care,shampoo,globaledge
PROD00221|GlobalEdge Herbal Tea Pro|Food & Beverages|Herbal Tea|GlobalEdge|SKU-22432|91.16|173.41|47.4|8.64|0|1|4030|128|Germany|2022-01-30|1|4.1|2437|food & beverages,herbal-tea,globaledge
PROD00222|SwiftBuy Laptop Lite|Electronics|Laptop|SwiftBuy|SKU-11177|136.66|262.63|48.0|3.41|0|0|95|135|Kenya|2018-07-03|1|4.5|2976|electronics,laptop,swiftbuy
PROD00223|ZonoTech Air Fryer Lite|Home & Kitchen|Air Fryer|ZonoTech|SKU-79168|123.34|241.92|49.0|2.13|0|0|2468|122|Germany|2023-09-30|0|4.6|1867|home & kitchen,air-fryer,zonotech
PROD00224|LearningLeap Diapers Lite|Baby & Kids|Diapers|LearningLeap|SKU-53065|126.69|270.82|53.2|6.63|0|1|2384|77|USA|2023-05-17|1|2.9|81|baby & kids,diapers,learningleap
PROD00225|LagosLux Perfume Pro|Beauty & Personal Care|Perfume|LagosLux|SKU-42094|130.43|334.37|61.0|7.94|0|0|2099|72|Kenya|2022-10-20|1|3.9|4117|beauty & personal care,perfume,lagoslux
PROD00226|PurePlus Tablet Lite|Electronics|Tablet|PurePlus|SKU-51346|149.1|487.02|69.4|9.97|0|0|196|61|USA|2018-05-18|1|4.8|3569|electronics,tablet,pureplus
PROD00227|BrightHome Vitamins Pro|Health & Wellness|Vitamins|BrightHome|SKU-26278|25.71|69.43|63.0|7.46|0|0|309|43|Nigeria|2022-04-10|1|2.8|1352|health & wellness,vitamins,brighthome
PROD00228|FreshFarms Smart Watch|Electronics|Smart Watch|FreshFarms|SKU-42089|127.9|286.38|55.3|0.39|0|0|4859|40|South Africa|2021-02-01|1|4.7|1474|electronics,smart-watch,freshfarms
PROD00229|SwiftBuy T-Shirt Lite|Fashion|T-Shirt|SwiftBuy|SKU-89856|138.89|201.96|31.2|3.64|0|0|2673|11|China|2021-04-11|1|3.0|4355|fashion,t-shirt,swiftbuy
PROD00230|AfriShop Earbuds Lite|Electronics|Earbuds|AfriShop|SKU-17270|114.44|326.73|65.0|3.08|0|0|266|155|India|2018-08-18|0|3.6|4347|electronics,earbuds,afrishop
PROD00231|WellnessPlus Watch Lite|Fashion|Watch|WellnessPlus|SKU-88643|34.97|86.87|59.7|4.53|0|0|4304|48|Germany|2021-09-11|1|3.5|4311|fashion,watch,wellnessplus
PROD00232|FreshFarms Self-Help Book Lite|Books & Learning|Self-Help Book|FreshFarms|SKU-34614|129.13|326.07|60.4|7.67|0|0|3576|80|USA|2021-12-25|1|3.0|2812|books & learning,self-help-book,freshfarms
PROD00233|FreshFarms Honey Lite|Food & Beverages|Honey|FreshFarms|SKU-78937|56.67|134.92|58.0|6.65|1|0|4847|20|India|2018-08-08|0|3.1|3467|food & beverages,honey,freshfarms
PROD00234|BrightHome Nail Polish|Beauty & Personal Care|Nail Polish|BrightHome|SKU-98500|127.21|248.03|48.7|8.01|1|0|2409|141|Germany|2019-04-17|1|4.7|249|beauty & personal care,nail-polish,brighthome
PROD00235|PanAfri Puzzle Pro|Books & Learning|Puzzle|PanAfri|SKU-15383|99.2|198.9|50.1|2.45|0|0|3634|115|South Africa|2021-11-20|1|4.1|1723|books & learning,puzzle,panafri
PROD00236|BrightHome Face Mask Lite|Health & Wellness|Face Mask|BrightHome|SKU-27577|77.72|121.51|36.0|6.67|0|0|2701|86|UAE|2023-01-26|1|4.9|2224|health & wellness,face-mask,brighthome
PROD00237|GlobalEdge Shampoo|Beauty & Personal Care|Shampoo|GlobalEdge|SKU-68638|57.38|186.3|69.2|1.57|0|0|4807|73|UAE|2023-04-09|1|2.8|508|beauty & personal care,shampoo,globaledge
PROD00238|BrightHome Tablet Lite|Electronics|Tablet|BrightHome|SKU-84604|134.23|357.01|62.4|6.91|0|0|2172|194|Kenya|2022-11-23|1|3.2|2792|electronics,tablet,brighthome
PROD00239|KidzWorld Protein Bars|Food & Beverages|Protein Bars|KidzWorld|SKU-13915|20.26|42.4|52.2|9.31|0|0|2158|169|China|2022-03-19|1|4.5|1253|food & beverages,protein-bars,kidzworld
PROD00240|PanAfri Sunscreen|Beauty & Personal Care|Sunscreen|PanAfri|SKU-47096|102.89|229.89|55.2|8.19|0|0|1654|80|Kenya|2023-07-27|0|4.2|404|beauty & personal care,sunscreen,panafri
PROD00241|BrightHome Sneakers Lite|Fashion|Sneakers|BrightHome|SKU-56293|44.59|96.56|53.8|3.62|0|0|2978|121|USA|2019-05-19|1|4.0|1758|fashion,sneakers,brighthome
PROD00242|FreshFarms Sunglasses Lite|Fashion|Sunglasses|FreshFarms|SKU-64344|119.77|401.03|70.1|4.21|1|0|2917|11|Germany|2019-01-11|1|3.7|416|fashion,sunglasses,freshfarms
PROD00243|SwiftBuy Tablet Pro|Electronics|Tablet|SwiftBuy|SKU-99193|14.68|23.29|37.0|4.77|0|0|1299|33|UAE|2020-08-06|1|4.0|378|electronics,tablet,swiftbuy
PROD00244|EcoLife Dried Fruits Lite|Food & Beverages|Dried Fruits|EcoLife|SKU-77849|130.94|367.06|64.3|9.83|0|0|200|32|China|2022-02-18|1|4.5|1613|food & beverages,dried-fruits,ecolife
PROD00245|NairobiMart Webcam|Electronics|Webcam|NairobiMart|SKU-63201|16.65|36.23|54.0|2.92|1|0|1555|185|India|2020-06-08|0|3.8|4094|electronics,webcam,nairobimart
PROD00246|AfriShop Wall Clock Pro|Home & Kitchen|Wall Clock|AfriShop|SKU-40959|30.19|42.42|28.8|5.48|0|0|4249|53|Kenya|2023-12-21|1|4.0|2321|home & kitchen,wall-clock,afrishop
PROD00247|LearningLeap Wireless Mouse Pro|Electronics|Wireless Mouse|LearningLeap|SKU-66659|17.6|52.58|66.5|4.1|0|0|2236|44|China|2020-08-10|1|4.3|1520|electronics,wireless-mouse,learningleap
PROD00248|GlobalEdge Blood Pressure Monitor|Health & Wellness|Blood Pressure Monitor|GlobalEdge|SKU-64136|112.2|252.45|55.6|3.14|0|0|2110|128|India|2019-11-13|1|4.1|3556|health & wellness,blood-pressure-monitor,globaledge
PROD00249|EcoLife Eye Shadow|Beauty & Personal Care|Eye Shadow|EcoLife|SKU-82045|68.02|207.34|67.2|4.8|0|0|2476|79|USA|2021-06-28|1|3.8|723|beauty & personal care,eye-shadow,ecolife
PROD00250|PurePlus Blood Pressure Monitor Pro|Health & Wellness|Blood Pressure Monitor|PurePlus|SKU-84584|59.45|159.37|62.7|6.2|0|0|752|93|South Africa|2022-11-26|1|4.2|1605|health & wellness,blood-pressure-monitor,pureplus
PROD00251|PurePlus Webcam Lite|Electronics|Webcam|PurePlus|SKU-11456|4.5|7.74|41.9|8.48|0|0|3072|78|Nigeria|2022-05-19|1|5.0|4254|electronics,webcam,pureplus
PROD00252|LagosLux Dress Pro|Fashion|Dress|LagosLux|SKU-85568|100.21|253.46|60.5|7.84|0|0|1117|78|Nigeria|2023-07-03|1|4.8|1855|fashion,dress,lagoslux
PROD00253|SwiftBuy Wireless Mouse Pro|Electronics|Wireless Mouse|SwiftBuy|SKU-16977|36.87|106.36|65.3|9.81|0|0|526|62|Nigeria|2023-07-08|0|4.4|4266|electronics,wireless-mouse,swiftbuy
PROD00254|KidzWorld Face Mask|Health & Wellness|Face Mask|KidzWorld|SKU-86561|76.71|115.68|33.7|3.91|0|0|2666|182|UAE|2022-06-24|1|4.3|3046|health & wellness,face-mask,kidzworld
PROD00255|LearningLeap Wireless Mouse|Electronics|Wireless Mouse|LearningLeap|SKU-18795|59.65|168.31|64.6|8.51|0|0|3240|173|UAE|2022-10-05|1|3.4|2162|electronics,wireless-mouse,learningleap
PROD00256|StyleHub Resistance Bands|Health & Wellness|Resistance Bands|StyleHub|SKU-43470|137.58|240.46|42.8|9.63|0|0|2058|74|USA|2018-06-23|1|3.1|4178|health & wellness,resistance-bands,stylehub
PROD00257|WellnessPlus Bluetooth Speaker Pro|Electronics|Bluetooth Speaker|WellnessPlus|SKU-27994|39.76|115.39|65.5|0.6|0|0|4705|33|South Africa|2018-03-30|1|3.7|829|electronics,bluetooth-speaker,wellnessplus
PROD00258|EcoLife Baby Monitor Lite|Baby & Kids|Baby Monitor|EcoLife|SKU-92039|49.54|158.02|68.6|2.7|0|1|1522|191|UAE|2022-09-30|1|5.0|1525|baby & kids,baby-monitor,ecolife
PROD00259|AfriShop Sunscreen|Beauty & Personal Care|Sunscreen|AfriShop|SKU-62718|117.57|196.41|40.1|0.5|0|0|4140|167|Kenya|2023-07-05|1|3.6|1039|beauty & personal care,sunscreen,afrishop
PROD00260|NairobiMart Webcam Pro|Electronics|Webcam|NairobiMart|SKU-95762|80.73|172.29|53.1|7.81|0|0|4754|114|South Africa|2018-03-27|1|3.1|155|electronics,webcam,nairobimart
PROD00261|FreshFarms Earbuds Pro|Electronics|Earbuds|FreshFarms|SKU-48001|93.61|215.43|56.5|2.23|0|0|4127|59|China|2021-07-02|0|2.8|3964|electronics,earbuds,freshfarms
PROD00262|FreshFarms T-Shirt Lite|Fashion|T-Shirt|FreshFarms|SKU-30072|21.15|31.39|32.6|8.98|0|0|890|112|UAE|2021-03-23|1|4.9|3767|fashion,t-shirt,freshfarms
PROD00263|UrbanCo Self-Help Book Pro|Books & Learning|Self-Help Book|UrbanCo|SKU-15731|149.76|284.89|47.4|2.91|0|0|1034|123|Germany|2020-10-16|1|3.2|3481|books & learning,self-help-book,urbanco
PROD00264|FreshFarms Bluetooth Speaker|Electronics|Bluetooth Speaker|FreshFarms|SKU-64240|61.53|91.73|32.9|9.68|0|0|181|117|USA|2020-10-23|1|3.5|1227|electronics,bluetooth-speaker,freshfarms
PROD00265|WellnessPlus Protein Bars Pro|Food & Beverages|Protein Bars|WellnessPlus|SKU-63108|141.21|462.88|69.5|6.33|0|1|3724|195|South Africa|2019-04-07|1|4.8|2918|food & beverages,protein-bars,wellnessplus
PROD00266|HomeEssentials Eye Shadow|Beauty & Personal Care|Eye Shadow|HomeEssentials|SKU-19963|74.65|171.33|56.4|7.75|0|0|681|188|Kenya|2022-04-19|1|4.3|1659|beauty & personal care,eye-shadow,homeessentials
PROD00267|EcoLife Honey|Food & Beverages|Honey|EcoLife|SKU-40323|56.65|173.98|67.4|0.27|0|1|2309|197|South Africa|2018-12-02|1|3.7|3875|food & beverages,honey,ecolife
PROD00268|WellnessPlus Business Book Pro|Books & Learning|Business Book|WellnessPlus|SKU-79207|88.51|158.92|44.3|2.35|0|0|1447|111|Germany|2022-08-16|1|4.5|2710|books & learning,business-book,wellnessplus
PROD00269|ZonoTech Toys Lite|Baby & Kids|Toys|ZonoTech|SKU-18492|23.97|35.3|32.1|3.3|0|0|2589|35|China|2020-06-25|1|3.7|2990|baby & kids,toys,zonotech
PROD00270|EcoLife Smart Watch|Electronics|Smart Watch|EcoLife|SKU-58274|147.14|268.75|45.3|7.03|0|0|433|10|Germany|2019-05-05|1|5.0|1911|electronics,smart-watch,ecolife
PROD00271|WellnessPlus Coconut Water|Food & Beverages|Coconut Water|WellnessPlus|SKU-45331|7.85|21.65|63.7|4.46|0|1|1389|151|India|2020-05-19|0|4.2|3855|food & beverages,coconut-water,wellnessplus
PROD00272|WellnessPlus Laptop Lite|Electronics|Laptop|WellnessPlus|SKU-69508|97.37|309.48|68.5|3.85|0|0|301|100|Kenya|2023-07-15|0|3.3|1957|electronics,laptop,wellnessplus
PROD00273|NairobiMart Sneakers Pro|Fashion|Sneakers|NairobiMart|SKU-87288|147.21|418.05|64.8|0.93|0|0|4490|58|India|2018-10-29|1|3.3|3078|fashion,sneakers,nairobimart
PROD00274|KidzWorld Blood Pressure Monitor Pro|Health & Wellness|Blood Pressure Monitor|KidzWorld|SKU-49318|7.11|18.94|62.5|0.53|0|0|2424|100|USA|2021-09-30|1|4.8|3019|health & wellness,blood-pressure-monitor,kidzworld
PROD00275|ZonoTech Sunscreen Pro|Beauty & Personal Care|Sunscreen|ZonoTech|SKU-58322|100.6|320.94|68.7|0.17|0|0|1473|13|UAE|2021-08-05|1|4.2|1493|beauty & personal care,sunscreen,zonotech
PROD00276|LagosLux Bed Sheets Lite|Home & Kitchen|Bed Sheets|LagosLux|SKU-92782|88.4|275.76|67.9|6.61|0|0|531|41|Nigeria|2023-10-01|1|2.8|962|home & kitchen,bed-sheets,lagoslux
PROD00277|EcoLife Baby Clothes Pro|Baby & Kids|Baby Clothes|EcoLife|SKU-87275|67.09|94.38|28.9|2.86|0|0|550|177|UAE|2018-07-20|1|3.2|1113|baby & kids,baby-clothes,ecolife
PROD00278|TechNova Art Supplies Lite|Books & Learning|Art Supplies|TechNova|SKU-97598|101.02|253.31|60.1|6.7|0|0|3808|135|UAE|2018-07-23|1|4.3|3802|books & learning,art-supplies,technova
PROD00279|TechNova Lipstick Lite|Beauty & Personal Care|Lipstick|TechNova|SKU-65941|77.46|251.74|69.2|6.51|0|0|4914|112|Germany|2022-11-13|1|3.9|1657|beauty & personal care,lipstick,technova
PROD00280|FreshFarms Face Mask Pro|Health & Wellness|Face Mask|FreshFarms|SKU-87705|60.38|185.74|67.5|8.19|0|0|2900|40|India|2022-02-17|1|4.7|3764|health & wellness,face-mask,freshfarms
PROD00281|LearningLeap Tablet|Electronics|Tablet|LearningLeap|SKU-56782|118.02|316.36|62.7|1.15|0|0|2176|194|Nigeria|2023-04-21|1|4.0|1070|electronics,tablet,learningleap
PROD00282|KidzWorld Hair Oil Lite|Beauty & Personal Care|Hair Oil|KidzWorld|SKU-75421|109.86|214.28|48.7|4.57|0|0|2728|177|Germany|2020-06-04|1|3.6|3847|beauty & personal care,hair-oil,kidzworld
PROD00283|GlobalEdge Protein Powder Pro|Health & Wellness|Protein Powder|GlobalEdge|SKU-90168|54.55|164.92|66.9|2.08|0|0|2082|119|Kenya|2019-09-02|1|3.9|729|health & wellness,protein-powder,globaledge
PROD00284|StyleHub Dried Fruits|Food & Beverages|Dried Fruits|StyleHub|SKU-14924|144.44|376.69|61.7|2.21|1|0|3918|152|India|2018-06-12|1|3.7|1086|food & beverages,dried-fruits,stylehub
PROD00285|KidzWorld Puzzle Pro|Books & Learning|Puzzle|KidzWorld|SKU-33322|57.96|109.8|47.2|4.29|0|0|1112|163|Germany|2023-07-04|1|3.9|931|books & learning,puzzle,kidzworld
PROD00286|HomeEssentials Handbag Pro|Fashion|Handbag|HomeEssentials|SKU-35816|26.17|69.11|62.1|2.97|0|0|3703|69|USA|2019-06-07|1|3.3|3608|fashion,handbag,homeessentials
PROD00287|LearningLeap Art Supplies|Books & Learning|Art Supplies|LearningLeap|SKU-95330|66.43|219.35|69.7|2.84|0|0|3599|105|China|2021-07-19|1|3.9|4054|books & learning,art-supplies,learningleap
PROD00288|NairobiMart First Aid Kit Pro|Health & Wellness|First Aid Kit|NairobiMart|SKU-97728|70.43|128.75|45.3|3.08|0|0|2615|62|South Africa|2020-10-11|1|4.3|562|health & wellness,first-aid-kit,nairobimart
PROD00289|KidzWorld Power Bank Lite|Electronics|Power Bank|KidzWorld|SKU-30699|54.7|175.03|68.7|0.6|0|0|283|197|India|2022-04-08|1|4.7|3692|electronics,power-bank,kidzworld
PROD00290|StyleHub Shampoo Lite|Beauty & Personal Care|Shampoo|StyleHub|SKU-63338|30.41|81.64|62.8|5.4|0|0|3773|11|South Africa|2021-08-22|1|4.1|2230|beauty & personal care,shampoo,stylehub
PROD00291|PurePlus Cookware Set Pro|Home & Kitchen|Cookware Set|PurePlus|SKU-18841|42.11|68.34|38.4|0.25|0|0|3987|161|UAE|2020-12-02|1|3.6|1230|home & kitchen,cookware-set,pureplus
PROD00292|ZonoTech Hair Oil Lite|Beauty & Personal Care|Hair Oil|ZonoTech|SKU-93935|18.7|46.78|60.0|6.19|0|0|930|64|USA|2020-10-02|1|4.9|2629|beauty & personal care,hair-oil,zonotech
PROD00293|LearningLeap Smart Watch Pro|Electronics|Smart Watch|LearningLeap|SKU-23204|48.08|118.08|59.3|0.98|0|0|307|58|Germany|2023-02-20|1|2.9|757|electronics,smart-watch,learningleap
PROD00294|UrbanCo Storage Containers|Home & Kitchen|Storage Containers|UrbanCo|SKU-53820|126.71|411.23|69.2|9.1|0|0|1332|10|USA|2019-05-21|1|3.6|2053|home & kitchen,storage-containers,urbanco
PROD00295|GlobalEdge Bluetooth Speaker|Electronics|Bluetooth Speaker|GlobalEdge|SKU-20926|24.18|46.54|48.0|7.53|0|0|2417|68|Germany|2022-04-26|1|2.9|2789|electronics,bluetooth-speaker,globaledge
PROD00296|KidzWorld Diapers|Baby & Kids|Diapers|KidzWorld|SKU-42746|103.72|302.19|65.7|9.27|0|0|421|123|South Africa|2019-03-20|1|3.5|610|baby & kids,diapers,kidzworld
PROD00297|NairobiMart Language Learning Kit|Books & Learning|Language Learning Kit|NairobiMart|SKU-23984|111.81|156.64|28.6|4.93|0|0|3137|141|China|2021-10-14|1|4.3|703|books & learning,language-learning-kit,nairobimart
PROD00298|BrightHome Towel Set Pro|Home & Kitchen|Towel Set|BrightHome|SKU-66983|42.66|76.9|44.5|3.98|0|0|101|45|South Africa|2018-10-03|1|3.7|2617|home & kitchen,towel-set,brighthome
PROD00299|LagosLux USB Hub Pro|Electronics|USB Hub|LagosLux|SKU-72055|67.57|181.53|62.8|5.53|0|0|2696|55|Germany|2020-01-01|1|4.6|951|electronics,usb-hub,lagoslux
PROD00300|UrbanCo Air Fryer Pro|Home & Kitchen|Air Fryer|UrbanCo|SKU-76031|26.52|69.59|61.9|1.22|0|0|56|31|India|2023-10-04|0|4.3|3250|home & kitchen,air-fryer,urbanco
PROD00301|SwiftBuy Massage Gun|Health & Wellness|Massage Gun|SwiftBuy|SKU-10749|88.33|176.44|49.9|9.07|0|0|250|37|UAE|2021-05-21|1|3.1|4145|health & wellness,massage-gun,swiftbuy
PROD00302|UrbanCo Language Learning Kit Lite|Books & Learning|Language Learning Kit|UrbanCo|SKU-62854|67.07|231.88|71.1|3.7|0|0|607|186|USA|2023-03-13|1|4.6|1020|books & learning,language-learning-kit,urbanco
PROD00303|TechNova Smart Watch Pro|Electronics|Smart Watch|TechNova|SKU-23340|70.19|196.73|64.3|9.14|0|0|2237|187|Kenya|2021-07-07|1|3.1|931|electronics,smart-watch,technova
PROD00304|ZonoTech Thermometer|Health & Wellness|Thermometer|ZonoTech|SKU-28008|134.19|215.59|37.8|2.26|0|0|4371|53|India|2021-04-02|1|3.4|101|health & wellness,thermometer,zonotech
PROD00305|PanAfri Kettle Pro|Home & Kitchen|Kettle|PanAfri|SKU-61712|132.57|429.68|69.1|1.82|0|0|669|171|India|2019-10-10|1|3.1|2022|home & kitchen,kettle,panafri
PROD00306|GlobalEdge Watch Pro|Fashion|Watch|GlobalEdge|SKU-68744|38.54|88.26|56.3|4.79|1|0|1102|168|India|2023-07-15|1|4.8|3494|fashion,watch,globaledge
PROD00307|KidzWorld Bluetooth Speaker Pro|Electronics|Bluetooth Speaker|KidzWorld|SKU-75432|47.45|163.22|70.9|4.92|0|0|325|124|South Africa|2020-01-02|1|4.7|424|electronics,bluetooth-speaker,kidzworld
PROD00308|EcoLife Vitamins Pro|Health & Wellness|Vitamins|EcoLife|SKU-58545|125.39|359.59|65.1|8.56|1|0|4901|192|UAE|2019-08-16|1|3.8|1126|health & wellness,vitamins,ecolife
PROD00309|PurePlus Shampoo Pro|Beauty & Personal Care|Shampoo|PurePlus|SKU-67261|29.88|63.57|53.0|7.47|0|0|4356|161|India|2019-12-30|1|4.7|1916|beauty & personal care,shampoo,pureplus
PROD00310|HomeEssentials Safety Gate|Baby & Kids|Safety Gate|HomeEssentials|SKU-82264|49.9|89.28|44.1|1.78|0|0|3123|175|India|2019-11-13|1|3.8|3493|baby & kids,safety-gate,homeessentials
PROD00311|ZonoTech Puzzle Pro|Books & Learning|Puzzle|ZonoTech|SKU-45939|73.28|253.99|71.1|1.89|0|0|2885|126|India|2018-11-20|1|4.1|1927|books & learning,puzzle,zonotech
PROD00312|NairobiMart Air Fryer Lite|Home & Kitchen|Air Fryer|NairobiMart|SKU-95301|109.64|310.45|64.7|1.99|0|0|3830|194|China|2021-11-18|1|3.8|27|home & kitchen,air-fryer,nairobimart
PROD00313|KidzWorld First Aid Kit Lite|Health & Wellness|First Aid Kit|KidzWorld|SKU-48998|58.12|169.64|65.7|5.71|0|0|4992|166|Nigeria|2020-03-21|1|3.8|4133|health & wellness,first-aid-kit,kidzworld
PROD00314|StyleHub Jeans|Fashion|Jeans|StyleHub|SKU-52644|21.41|33.15|35.4|9.13|0|0|2107|151|Germany|2022-01-10|1|3.2|3037|fashion,jeans,stylehub
PROD00315|BrightHome Board Game Pro|Books & Learning|Board Game|BrightHome|SKU-34763|52.49|95.11|44.8|7.11|0|0|551|99|Germany|2019-01-30|1|3.3|2903|books & learning,board-game,brighthome
PROD00316|LagosLux Hair Oil|Beauty & Personal Care|Hair Oil|LagosLux|SKU-40198|6.81|15.41|55.8|9.78|0|0|3513|68|Nigeria|2021-12-27|1|2.8|2745|beauty & personal care,hair-oil,lagoslux
PROD00317|PurePlus Blender Pro|Home & Kitchen|Blender|PurePlus|SKU-28659|12.54|23.81|47.3|1.49|0|0|3439|189|UAE|2023-08-20|1|3.8|323|home & kitchen,blender,pureplus
PROD00318|GlobalEdge Online Course Lite|Books & Learning|Online Course|GlobalEdge|SKU-67848|34.82|109.11|68.1|0.72|0|0|4311|169|India|2021-12-18|0|3.5|3630|books & learning,online-course,globaledge
PROD00319|PanAfri Power Bank Pro|Electronics|Power Bank|PanAfri|SKU-67833|143.27|236.68|39.5|7.52|0|0|3466|72|UAE|2020-06-09|1|3.5|1686|electronics,power-bank,panafri
PROD00320|LagosLux Cookware Set|Home & Kitchen|Cookware Set|LagosLux|SKU-41553|134.96|471.31|71.4|0.63|0|0|2738|158|Germany|2018-04-18|1|4.6|4362|home & kitchen,cookware-set,lagoslux
PROD00321|LearningLeap Protein Powder Lite|Health & Wellness|Protein Powder|LearningLeap|SKU-58788|120.77|230.82|47.7|7.18|0|0|364|43|Kenya|2023-08-14|1|3.0|2071|health & wellness,protein-powder,learningleap
PROD00322|HomeEssentials Sneakers Lite|Fashion|Sneakers|HomeEssentials|SKU-18215|15.82|23.66|33.1|4.3|0|0|4365|124|India|2020-01-23|1|3.4|3917|fashion,sneakers,homeessentials
PROD00323|SwiftBuy Smartphone Lite|Electronics|Smartphone|SwiftBuy|SKU-97070|100.72|344.62|70.8|5.01|0|0|1678|88|Germany|2019-06-16|1|3.7|543|electronics,smartphone,swiftbuy
PROD00324|ZonoTech Blender Lite|Home & Kitchen|Blender|ZonoTech|SKU-24486|46.25|103.12|55.1|2.07|0|0|3001|95|UAE|2021-05-27|1|4.4|1202|home & kitchen,blender,zonotech
PROD00325|EcoLife Kettle Pro|Home & Kitchen|Kettle|EcoLife|SKU-70850|90.73|195.11|53.5|1.39|0|0|3094|29|UAE|2023-02-03|1|3.8|3587|home & kitchen,kettle,ecolife
PROD00326|NairobiMart Shampoo Pro|Beauty & Personal Care|Shampoo|NairobiMart|SKU-26881|35.01|84.33|58.5|7.92|0|0|688|146|India|2023-02-13|1|4.6|341|beauty & personal care,shampoo,nairobimart
PROD00327|LearningLeap Language Learning Kit Lite|Books & Learning|Language Learning Kit|LearningLeap|SKU-51823|73.05|108.23|32.5|3.48|0|0|4176|31|UAE|2020-07-03|1|4.0|250|books & learning,language-learning-kit,learningleap
PROD00328|TechNova T-Shirt Lite|Fashion|T-Shirt|TechNova|SKU-24017|117.49|344.08|65.9|3.54|0|0|2613|140|South Africa|2020-02-29|0|3.0|4418|fashion,t-shirt,technova
PROD00329|EcoLife Knife Set Lite|Home & Kitchen|Knife Set|EcoLife|SKU-50064|100.27|292.05|65.7|6.05|0|0|4780|56|UAE|2018-11-29|1|3.5|254|home & kitchen,knife-set,ecolife
PROD00330|EcoLife Jeans Pro|Fashion|Jeans|EcoLife|SKU-11105|78.93|250.97|68.6|1.49|1|0|3835|172|Kenya|2021-12-25|1|4.0|2286|fashion,jeans,ecolife
PROD00331|AfriShop Earbuds Pro|Electronics|Earbuds|AfriShop|SKU-55644|103.96|221.16|53.0|7.22|0|0|2618|78|Germany|2018-05-28|1|4.9|4228|electronics,earbuds,afrishop
PROD00332|StyleHub Nail Polish Lite|Beauty & Personal Care|Nail Polish|StyleHub|SKU-87046|70.04|200.8|65.1|9.28|0|0|1109|37|China|2018-06-08|1|3.1|74|beauty & personal care,nail-polish,stylehub
PROD00333|ZonoTech Coffee Maker Lite|Home & Kitchen|Coffee Maker|ZonoTech|SKU-26357|116.05|313.21|62.9|7.84|0|0|865|186|UAE|2022-02-12|1|4.0|127|home & kitchen,coffee-maker,zonotech
PROD00334|LagosLux Spice Mix Pro|Food & Beverages|Spice Mix|LagosLux|SKU-50714|141.56|205.02|31.0|5.56|0|1|3427|75|Germany|2019-09-03|0|3.1|2394|food & beverages,spice-mix,lagoslux
PROD00335|KidzWorld Body Lotion|Beauty & Personal Care|Body Lotion|KidzWorld|SKU-25070|11.72|22.78|48.6|8.07|0|0|4113|128|UAE|2018-02-26|1|3.1|3794|beauty & personal care,body-lotion,kidzworld
PROD00336|UrbanCo Sneakers Pro|Fashion|Sneakers|UrbanCo|SKU-70762|99.96|186.99|46.5|2.52|0|0|3081|178|Nigeria|2023-12-12|1|4.1|3955|fashion,sneakers,urbanco
PROD00337|AfriShop Blood Pressure Monitor Lite|Health & Wellness|Blood Pressure Monitor|AfriShop|SKU-39829|113.95|312.46|63.5|5.18|0|0|3801|123|USA|2020-12-05|1|4.1|2323|health & wellness,blood-pressure-monitor,afrishop
PROD00338|ZonoTech Sunscreen Lite|Beauty & Personal Care|Sunscreen|ZonoTech|SKU-35119|44.53|111.66|60.1|0.69|0|0|2362|72|USA|2020-10-10|1|3.4|2926|beauty & personal care,sunscreen,zonotech
PROD00339|FreshFarms Jeans|Fashion|Jeans|FreshFarms|SKU-20574|17.24|52.63|67.2|8.99|0|0|176|72|Germany|2020-09-18|0|3.8|1620|fashion,jeans,freshfarms
PROD00340|FreshFarms Stroller|Baby & Kids|Stroller|FreshFarms|SKU-53332|133.58|413.13|67.7|2.18|0|1|1268|62|Kenya|2018-10-27|1|3.4|544|baby & kids,stroller,freshfarms
PROD00341|ZonoTech Air Fryer|Home & Kitchen|Air Fryer|ZonoTech|SKU-62692|97.09|141.59|31.4|6.53|0|0|270|102|USA|2019-12-25|1|4.3|2169|home & kitchen,air-fryer,zonotech
PROD00342|StyleHub Handbag Pro|Fashion|Handbag|StyleHub|SKU-42026|118.27|274.3|56.9|7.51|0|0|1639|153|Germany|2019-07-12|1|3.7|1013|fashion,handbag,stylehub
PROD00343|LagosLux Hand Sanitizer Pro|Health & Wellness|Hand Sanitizer|LagosLux|SKU-84825|144.61|297.41|51.4|7.18|0|0|1160|115|Kenya|2023-12-28|1|4.6|2577|health & wellness,hand-sanitizer,lagoslux
PROD00344|WellnessPlus Olive Oil Lite|Food & Beverages|Olive Oil|WellnessPlus|SKU-62622|115.19|402.38|71.4|5.35|0|0|491|146|Kenya|2021-01-09|1|4.1|2547|food & beverages,olive-oil,wellnessplus
PROD00345|GlobalEdge Coffee Beans|Food & Beverages|Coffee Beans|GlobalEdge|SKU-40145|120.46|202.43|40.5|8.27|0|0|2730|175|USA|2023-09-12|1|3.5|4061|food & beverages,coffee-beans,globaledge
PROD00346|AfriShop Face Mask Lite|Health & Wellness|Face Mask|AfriShop|SKU-92634|131.31|381.29|65.6|8.23|0|0|2954|76|Germany|2019-06-23|1|3.4|3877|health & wellness,face-mask,afrishop
PROD00347|KidzWorld Bed Sheets Pro|Home & Kitchen|Bed Sheets|KidzWorld|SKU-84120|73.92|147.77|50.0|3.97|0|0|2009|18|Germany|2022-10-16|1|2.9|3561|home & kitchen,bed-sheets,kidzworld
PROD00348|TechNova Coffee Beans Pro|Food & Beverages|Coffee Beans|TechNova|SKU-61140|86.54|279.95|69.1|3.05|0|0|3747|103|South Africa|2020-05-01|1|4.1|2880|food & beverages,coffee-beans,technova
PROD00349|TechNova Blood Pressure Monitor Lite|Health & Wellness|Blood Pressure Monitor|TechNova|SKU-43313|6.04|9.73|37.9|0.34|0|0|2952|74|South Africa|2020-03-22|1|2.9|3556|health & wellness,blood-pressure-monitor,technova
PROD00350|EcoLife Blender|Home & Kitchen|Blender|EcoLife|SKU-83880|23.78|64.86|63.3|1.52|0|0|2953|181|Kenya|2023-05-08|1|3.1|3229|home & kitchen,blender,ecolife
PROD00351|SwiftBuy Vitamins Pro|Health & Wellness|Vitamins|SwiftBuy|SKU-99181|22.36|34.06|34.4|9.79|0|0|2434|73|Germany|2020-12-31|0|3.8|2928|health & wellness,vitamins,swiftbuy
PROD00352|EcoLife Handbag Lite|Fashion|Handbag|EcoLife|SKU-84699|65.82|200.84|67.2|4.2|0|0|2509|164|South Africa|2021-12-21|1|4.4|950|fashion,handbag,ecolife
PROD00353|WellnessPlus Earbuds Lite|Electronics|Earbuds|WellnessPlus|SKU-99267|109.6|320.46|65.8|7.31|0|0|1177|122|Kenya|2023-12-08|1|4.7|2292|electronics,earbuds,wellnessplus
PROD00354|GlobalEdge Baby Clothes Lite|Baby & Kids|Baby Clothes|GlobalEdge|SKU-26953|34.35|117.7|70.8|4.81|0|0|2216|191|China|2021-02-07|0|3.4|3190|baby & kids,baby-clothes,globaledge
PROD00355|FreshFarms Baby Food Lite|Baby & Kids|Baby Food|FreshFarms|SKU-26091|17.6|30.68|42.6|9.65|0|0|1075|146|USA|2018-06-05|1|4.2|2773|baby & kids,baby-food,freshfarms
PROD00356|FreshFarms Dried Fruits Lite|Food & Beverages|Dried Fruits|FreshFarms|SKU-27672|27.95|94.67|70.5|4.48|0|0|3944|79|USA|2020-04-24|1|3.5|2170|food & beverages,dried-fruits,freshfarms
PROD00357|EcoLife Perfume Lite|Beauty & Personal Care|Perfume|EcoLife|SKU-27457|123.53|431.0|71.3|7.18|0|0|1769|165|Nigeria|2020-02-06|1|4.9|980|beauty & personal care,perfume,ecolife
PROD00358|ZonoTech Sneakers|Fashion|Sneakers|ZonoTech|SKU-43745|23.28|32.66|28.7|2.02|0|0|2059|188|Nigeria|2022-04-17|0|4.8|2812|fashion,sneakers,zonotech
PROD00359|KidzWorld Perfume|Beauty & Personal Care|Perfume|KidzWorld|SKU-13453|13.04|42.97|69.7|3.63|1|0|4651|153|India|2018-09-26|1|3.3|2960|beauty & personal care,perfume,kidzworld
PROD00360|KidzWorld Coffee Beans Lite|Food & Beverages|Coffee Beans|KidzWorld|SKU-39849|94.54|299.38|68.4|1.14|0|0|1579|80|Kenya|2021-06-29|1|2.9|1309|food & beverages,coffee-beans,kidzworld
PROD00361|FreshFarms Sunscreen Pro|Beauty & Personal Care|Sunscreen|FreshFarms|SKU-78876|92.16|289.55|68.2|1.58|0|0|151|10|China|2023-04-18|1|2.9|3912|beauty & personal care,sunscreen,freshfarms
PROD00362|GlobalEdge Herbal Tea Lite|Food & Beverages|Herbal Tea|GlobalEdge|SKU-46605|141.73|234.51|39.6|3.54|0|0|2648|155|Nigeria|2018-06-04|1|3.3|2685|food & beverages,herbal-tea,globaledge
PROD00363|LearningLeap Massage Gun|Health & Wellness|Massage Gun|LearningLeap|SKU-91402|109.07|369.39|70.5|0.39|0|0|112|151|China|2022-11-13|1|4.7|2318|health & wellness,massage-gun,learningleap
PROD00364|WellnessPlus Protein Powder Pro|Health & Wellness|Protein Powder|WellnessPlus|SKU-46657|52.42|92.02|43.0|1.31|0|0|196|22|UAE|2023-10-04|1|3.7|2863|health & wellness,protein-powder,wellnessplus
PROD00365|KidzWorld Children's Book Lite|Baby & Kids|Children's Book|KidzWorld|SKU-87031|50.71|143.7|64.7|3.45|0|1|353|85|UAE|2019-12-22|0|3.7|2386|baby & kids,children's-book,kidzworld
PROD00366|PanAfri Planner Pro|Books & Learning|Planner|PanAfri|SKU-23681|68.46|167.97|59.2|5.45|0|0|1100|20|Germany|2020-07-14|1|3.4|2653|books & learning,planner,panafri
PROD00367|PurePlus Coffee Beans|Food & Beverages|Coffee Beans|PurePlus|SKU-96821|136.28|232.64|41.4|2.01|0|0|4702|83|Kenya|2022-10-10|1|4.8|3093|food & beverages,coffee-beans,pureplus
PROD00368|PurePlus T-Shirt Pro|Fashion|T-Shirt|PurePlus|SKU-83366|145.39|338.38|57.0|6.75|0|0|4617|140|South Africa|2023-12-23|1|3.4|617|fashion,t-shirt,pureplus
PROD00369|AfriShop Toys Lite|Baby & Kids|Toys|AfriShop|SKU-66202|61.11|189.64|67.8|2.97|0|0|1934|177|UAE|2021-07-22|1|3.8|593|baby & kids,toys,afrishop
PROD00370|PurePlus Handbag Lite|Fashion|Handbag|PurePlus|SKU-56710|87.52|284.05|69.2|6.79|0|0|1206|76|India|2022-12-02|1|3.4|22|fashion,handbag,pureplus
PROD00371|AfriShop Body Lotion|Beauty & Personal Care|Body Lotion|AfriShop|SKU-76710|73.92|194.95|62.1|8.4|0|0|4750|55|Nigeria|2019-07-26|1|4.6|1806|beauty & personal care,body-lotion,afrishop
PROD00372|KidzWorld Novel Pro|Books & Learning|Novel|KidzWorld|SKU-25441|143.07|489.9|70.8|1.5|0|0|3963|57|Kenya|2019-09-25|1|2.8|2796|books & learning,novel,kidzworld
PROD00373|LearningLeap T-Shirt|Fashion|T-Shirt|LearningLeap|SKU-28594|129.79|276.81|53.1|7.09|0|0|3181|107|China|2018-01-29|1|4.5|6|fashion,t-shirt,learningleap
PROD00374|KidzWorld Face Mask Pro|Health & Wellness|Face Mask|KidzWorld|SKU-16052|122.25|225.8|45.9|7.01|0|0|1656|78|Kenya|2020-10-04|1|3.7|1548|health & wellness,face-mask,kidzworld
PROD00375|LearningLeap Lipstick Lite|Beauty & Personal Care|Lipstick|LearningLeap|SKU-99083|50.51|148.39|66.0|6.06|0|0|3614|17|UAE|2018-06-28|1|2.9|2231|beauty & personal care,lipstick,learningleap
PROD00376|LagosLux Hand Sanitizer|Health & Wellness|Hand Sanitizer|LagosLux|SKU-16669|125.24|382.37|67.2|7.86|0|0|649|196|UAE|2021-06-19|1|3.4|3174|health & wellness,hand-sanitizer,lagoslux
PROD00377|WellnessPlus Children's Book Pro|Baby & Kids|Children's Book|WellnessPlus|SKU-60014|15.12|44.29|65.9|2.46|0|0|1527|30|South Africa|2023-05-12|1|4.6|50|baby & kids,children's-book,wellnessplus
PROD00378|PurePlus Granola|Food & Beverages|Granola|PurePlus|SKU-29561|145.92|459.65|68.3|2.98|0|0|549|80|USA|2023-06-27|1|4.7|520|food & beverages,granola,pureplus
PROD00379|LagosLux Watch|Fashion|Watch|LagosLux|SKU-37163|109.69|292.78|62.5|7.12|0|0|1409|31|USA|2019-07-13|1|3.3|4293|fashion,watch,lagoslux
PROD00380|LagosLux Earbuds Lite|Electronics|Earbuds|LagosLux|SKU-26111|49.16|149.91|67.2|2.2|0|0|55|84|Germany|2023-09-26|1|4.5|3439|electronics,earbuds,lagoslux
PROD00381|KidzWorld Kids Backpack Pro|Baby & Kids|Kids Backpack|KidzWorld|SKU-24478|13.45|42.27|68.2|7.37|0|0|3199|11|Germany|2021-07-16|1|4.1|1889|baby & kids,kids-backpack,kidzworld
PROD00382|NairobiMart Wall Clock Pro|Home & Kitchen|Wall Clock|NairobiMart|SKU-50647|134.12|300.96|55.4|3.77|0|0|4026|180|UAE|2022-06-25|0|4.6|3547|home & kitchen,wall-clock,nairobimart
PROD00383|TechNova Jeans Lite|Fashion|Jeans|TechNova|SKU-26478|129.62|312.3|58.5|0.18|0|0|2801|174|USA|2022-11-20|1|4.7|1515|fashion,jeans,technova
PROD00384|KidzWorld Protein Powder Pro|Health & Wellness|Protein Powder|KidzWorld|SKU-78079|56.47|113.15|50.1|5.0|0|0|4573|138|UAE|2019-08-12|1|3.5|2259|health & wellness,protein-powder,kidzworld
PROD00385|GlobalEdge Earbuds Pro|Electronics|Earbuds|GlobalEdge|SKU-57423|3.73|5.83|36.0|6.95|0|0|4975|53|UAE|2020-08-08|1|3.7|2257|electronics,earbuds,globaledge
PROD00386|AfriShop Sneakers Lite|Fashion|Sneakers|AfriShop|SKU-66595|58.85|141.58|58.4|2.1|1|0|1328|32|Germany|2020-10-09|1|3.0|1555|fashion,sneakers,afrishop
PROD00387|EcoLife Massage Gun Lite|Health & Wellness|Massage Gun|EcoLife|SKU-76625|38.55|55.57|30.6|2.7|1|0|2897|74|South Africa|2021-11-06|1|3.5|1093|health & wellness,massage-gun,ecolife
PROD00388|FreshFarms Body Lotion|Beauty & Personal Care|Body Lotion|FreshFarms|SKU-64010|25.56|56.86|55.0|6.13|0|0|2838|126|India|2021-07-23|1|3.8|4474|beauty & personal care,body-lotion,freshfarms
PROD00389|LearningLeap Sunglasses Pro|Fashion|Sunglasses|LearningLeap|SKU-53015|70.07|234.27|70.1|3.56|0|0|3475|168|Nigeria|2020-10-10|1|3.2|4445|fashion,sunglasses,learningleap
PROD00390|FreshFarms Massage Gun|Health & Wellness|Massage Gun|FreshFarms|SKU-70814|107.46|318.46|66.3|6.57|0|0|2678|184|Nigeria|2018-07-08|1|4.1|908|health & wellness,massage-gun,freshfarms
PROD00391|PanAfri Planner Pro|Books & Learning|Planner|PanAfri|SKU-93076|41.77|95.72|56.4|4.76|0|0|1377|161|India|2022-05-31|1|4.3|4396|books & learning,planner,panafri
PROD00392|PanAfri Blood Pressure Monitor Pro|Health & Wellness|Blood Pressure Monitor|PanAfri|SKU-73602|66.45|213.04|68.8|9.66|0|0|3556|133|China|2019-01-06|1|2.8|4050|health & wellness,blood-pressure-monitor,panafri
PROD00393|AfriShop Hair Oil Lite|Beauty & Personal Care|Hair Oil|AfriShop|SKU-98617|102.91|359.5|71.4|8.65|0|0|1539|148|UAE|2019-10-13|1|3.1|2992|beauty & personal care,hair-oil,afrishop
PROD00394|AfriShop Protein Powder Pro|Health & Wellness|Protein Powder|AfriShop|SKU-60160|96.19|316.27|69.6|1.8|0|0|2217|116|USA|2019-09-09|1|3.7|3481|health & wellness,protein-powder,afrishop
PROD00395|SwiftBuy Hand Sanitizer Lite|Health & Wellness|Hand Sanitizer|SwiftBuy|SKU-14780|95.93|181.81|47.2|5.27|0|0|1077|108|USA|2021-08-16|1|4.0|2265|health & wellness,hand-sanitizer,swiftbuy
PROD00396|EcoLife Coffee Beans Lite|Food & Beverages|Coffee Beans|EcoLife|SKU-79081|10.89|26.56|59.0|8.4|1|1|1307|25|USA|2021-03-05|1|3.2|2838|food & beverages,coffee-beans,ecolife
PROD00397|KidzWorld Sneakers Pro|Fashion|Sneakers|KidzWorld|SKU-88675|44.16|63.17|30.1|2.2|0|0|1508|141|China|2023-03-23|1|3.4|32|fashion,sneakers,kidzworld
PROD00398|SwiftBuy Tablet|Electronics|Tablet|SwiftBuy|SKU-97723|15.65|51.73|69.7|5.62|0|0|2691|189|India|2019-06-14|1|3.9|1807|electronics,tablet,swiftbuy
PROD00399|StyleHub First Aid Kit|Health & Wellness|First Aid Kit|StyleHub|SKU-68171|55.13|106.97|48.5|3.63|0|0|2765|92|Germany|2019-03-14|1|4.9|1472|health & wellness,first-aid-kit,stylehub
PROD00400|StyleHub Bluetooth Speaker Pro|Electronics|Bluetooth Speaker|StyleHub|SKU-86034|65.91|139.28|52.7|2.25|0|0|1044|165|Germany|2020-01-05|1|2.9|1137|electronics,bluetooth-speaker,stylehub
PROD00401|FreshFarms Hair Oil|Beauty & Personal Care|Hair Oil|FreshFarms|SKU-39174|11.65|32.01|63.6|6.4|0|0|3577|50|UAE|2021-09-15|1|4.8|3657|beauty & personal care,hair-oil,freshfarms
PROD00402|SwiftBuy T-Shirt Lite|Fashion|T-Shirt|SwiftBuy|SKU-89039|34.64|112.84|69.3|8.66|0|0|1810|125|Kenya|2019-03-26|1|3.8|1985|fashion,t-shirt,swiftbuy
PROD00403|FreshFarms Nail Polish|Beauty & Personal Care|Nail Polish|FreshFarms|SKU-33692|49.31|138.2|64.3|0.93|0|0|3452|182|USA|2019-12-28|1|4.8|3207|beauty & personal care,nail-polish,freshfarms
PROD00404|NairobiMart Knife Set Pro|Home & Kitchen|Knife Set|NairobiMart|SKU-34849|9.74|28.3|65.6|4.0|0|0|3213|78|Germany|2020-10-25|1|3.2|3427|home & kitchen,knife-set,nairobimart
PROD00405|NairobiMart Board Game Pro|Books & Learning|Board Game|NairobiMart|SKU-10977|40.17|69.42|42.1|6.35|0|0|1230|52|UAE|2022-06-19|1|3.3|1287|books & learning,board-game,nairobimart
PROD00406|LearningLeap First Aid Kit Pro|Health & Wellness|First Aid Kit|LearningLeap|SKU-68463|9.9|26.9|63.2|9.23|0|0|3951|37|China|2020-06-13|1|4.5|1786|health & wellness,first-aid-kit,learningleap
PROD00407|ZonoTech Sneakers|Fashion|Sneakers|ZonoTech|SKU-93117|9.41|14.03|32.9|9.76|0|0|3474|175|UAE|2023-01-01|1|3.4|3028|fashion,sneakers,zonotech
PROD00408|StyleHub Puzzle Pro|Books & Learning|Puzzle|StyleHub|SKU-70623|20.73|36.24|42.8|6.58|0|0|2246|117|India|2020-06-21|1|3.4|3101|books & learning,puzzle,stylehub
PROD00409|StyleHub Knife Set Pro|Home & Kitchen|Knife Set|StyleHub|SKU-18527|128.78|323.18|60.2|3.41|0|0|1644|95|Kenya|2023-03-22|1|3.2|556|home & kitchen,knife-set,stylehub
PROD00410|FreshFarms Sandals Pro|Fashion|Sandals|FreshFarms|SKU-61889|18.91|55.43|65.9|5.73|0|0|4639|102|Nigeria|2021-09-02|1|2.8|1873|fashion,sandals,freshfarms
PROD00411|WellnessPlus Cookware Set|Home & Kitchen|Cookware Set|WellnessPlus|SKU-45657|112.36|193.51|41.9|5.21|0|0|723|12|USA|2020-01-24|0|3.1|758|home & kitchen,cookware-set,wellnessplus
PROD00412|BrightHome Watch Pro|Fashion|Watch|BrightHome|SKU-35947|54.91|182.71|69.9|4.59|0|0|3970|111|Nigeria|2018-07-04|1|3.4|3519|fashion,watch,brighthome
PROD00413|SwiftBuy Body Lotion Lite|Beauty & Personal Care|Body Lotion|SwiftBuy|SKU-38924|11.44|30.88|63.0|7.92|0|0|4836|153|USA|2019-05-15|1|4.5|2963|beauty & personal care,body-lotion,swiftbuy
PROD00414|UrbanCo Honey Pro|Food & Beverages|Honey|UrbanCo|SKU-31783|134.2|377.03|64.4|6.11|0|1|2503|155|Nigeria|2019-06-30|1|2.9|3543|food & beverages,honey,urbanco
PROD00415|BrightHome Massage Gun Lite|Health & Wellness|Massage Gun|BrightHome|SKU-37842|32.13|48.65|34.0|6.63|0|0|4086|113|UAE|2018-04-09|1|4.9|4143|health & wellness,massage-gun,brighthome
PROD00416|UrbanCo Kettle Lite|Home & Kitchen|Kettle|UrbanCo|SKU-83663|47.61|109.74|56.6|2.3|0|0|39|184|Germany|2020-05-11|1|3.9|2916|home & kitchen,kettle,urbanco
PROD00417|LearningLeap Sneakers Lite|Fashion|Sneakers|LearningLeap|SKU-31648|51.07|133.62|61.8|5.75|0|0|3088|107|USA|2020-05-13|1|4.5|2682|fashion,sneakers,learningleap
PROD00418|GlobalEdge T-Shirt Lite|Fashion|T-Shirt|GlobalEdge|SKU-64115|74.71|203.75|63.3|9.23|0|0|4962|192|USA|2023-04-24|0|4.4|2215|fashion,t-shirt,globaledge
PROD00419|GlobalEdge Kids Backpack Lite|Baby & Kids|Kids Backpack|GlobalEdge|SKU-66416|31.29|87.96|64.4|4.22|0|1|2443|163|Nigeria|2018-12-23|1|5.0|4204|baby & kids,kids-backpack,globaledge
PROD00420|GlobalEdge Eye Shadow Pro|Beauty & Personal Care|Eye Shadow|GlobalEdge|SKU-78151|76.82|196.1|60.8|6.98|0|0|1387|79|Germany|2020-11-09|1|4.5|2950|beauty & personal care,eye-shadow,globaledge
PROD00421|LearningLeap Protein Powder Lite|Health & Wellness|Protein Powder|LearningLeap|SKU-40087|143.69|388.73|63.0|6.71|0|0|4599|148|India|2020-08-21|1|4.0|4460|health & wellness,protein-powder,learningleap
PROD00422|LagosLux Blender|Home & Kitchen|Blender|LagosLux|SKU-18928|61.07|180.55|66.2|8.06|0|0|1666|136|UAE|2020-10-11|1|4.1|19|home & kitchen,blender,lagoslux
PROD00423|GlobalEdge Laptop|Electronics|Laptop|GlobalEdge|SKU-75689|26.51|81.64|67.5|7.67|0|0|48|170|USA|2020-09-11|1|3.6|1771|electronics,laptop,globaledge
PROD00424|SwiftBuy Toys Pro|Baby & Kids|Toys|SwiftBuy|SKU-99880|38.63|121.09|68.1|2.25|1|0|4863|151|USA|2018-11-22|1|2.9|2002|baby & kids,toys,swiftbuy
PROD00425|HomeEssentials Laptop Lite|Electronics|Laptop|HomeEssentials|SKU-33977|90.44|207.61|56.4|6.26|0|0|2006|35|UAE|2023-06-14|1|3.7|112|electronics,laptop,homeessentials
PROD00426|ZonoTech Vitamins Pro|Health & Wellness|Vitamins|ZonoTech|SKU-20378|104.47|290.21|64.0|9.52|0|0|2807|64|USA|2021-04-19|1|4.0|2106|health & wellness,vitamins,zonotech
PROD00427|LearningLeap Online Course|Books & Learning|Online Course|LearningLeap|SKU-47313|136.72|329.5|58.5|7.22|0|0|944|39|UAE|2018-08-28|1|4.3|3704|books & learning,online-course,learningleap
PROD00428|PanAfri Coffee Beans|Food & Beverages|Coffee Beans|PanAfri|SKU-43359|73.95|186.31|60.3|0.63|0|0|4257|12|India|2021-03-05|1|4.0|934|food & beverages,coffee-beans,panafri
PROD00429|SwiftBuy Honey Pro|Food & Beverages|Honey|SwiftBuy|SKU-13277|27.66|60.82|54.5|3.81|0|0|1457|77|Kenya|2020-08-14|1|4.4|2869|food & beverages,honey,swiftbuy
PROD00430|WellnessPlus Honey Pro|Food & Beverages|Honey|WellnessPlus|SKU-15627|59.5|128.4|53.7|8.85|0|1|3577|129|South Africa|2021-04-03|1|4.9|1762|food & beverages,honey,wellnessplus
PROD00431|TechNova Lipstick Pro|Beauty & Personal Care|Lipstick|TechNova|SKU-20936|75.63|110.1|31.3|4.07|0|0|925|120|UAE|2022-08-13|1|4.9|57|beauty & personal care,lipstick,technova
PROD00432|BrightHome Novel|Books & Learning|Novel|BrightHome|SKU-32188|17.09|30.7|44.3|4.38|0|0|128|53|USA|2018-06-17|1|3.5|3959|books & learning,novel,brighthome
PROD00433|SwiftBuy Baby Food Pro|Baby & Kids|Baby Food|SwiftBuy|SKU-11563|97.19|140.79|31.0|3.67|0|0|2302|29|China|2021-11-04|1|3.5|2619|baby & kids,baby-food,swiftbuy
PROD00434|LearningLeap Face Cream|Beauty & Personal Care|Face Cream|LearningLeap|SKU-74145|41.14|85.23|51.7|4.52|0|0|4067|139|Germany|2022-11-22|1|3.9|56|beauty & personal care,face-cream,learningleap
PROD00435|EcoLife Towel Set Lite|Home & Kitchen|Towel Set|EcoLife|SKU-15287|149.44|413.33|63.8|3.46|0|0|2637|93|China|2018-12-11|1|3.2|1368|home & kitchen,towel-set,ecolife
PROD00436|WellnessPlus Bed Sheets Lite|Home & Kitchen|Bed Sheets|WellnessPlus|SKU-25440|38.63|112.9|65.8|8.48|0|0|1935|43|China|2022-01-18|1|4.5|517|home & kitchen,bed-sheets,wellnessplus
PROD00437|PurePlus Sunglasses Pro|Fashion|Sunglasses|PurePlus|SKU-80013|7.07|23.19|69.5|0.41|0|0|4886|20|South Africa|2018-05-01|1|2.9|2578|fashion,sunglasses,pureplus
PROD00438|NairobiMart Laptop Pro|Electronics|Laptop|NairobiMart|SKU-72209|102.14|279.85|63.5|8.04|0|0|3775|22|Nigeria|2021-01-17|1|4.9|3603|electronics,laptop,nairobimart
PROD00439|StyleHub Backpack Pro|Fashion|Backpack|StyleHub|SKU-92674|137.12|352.11|61.1|6.61|0|0|2085|24|UAE|2018-04-14|1|3.5|657|fashion,backpack,stylehub
PROD00440|HomeEssentials Online Course Lite|Books & Learning|Online Course|HomeEssentials|SKU-23080|147.45|367.82|59.9|9.97|0|0|2247|95|Nigeria|2023-08-10|1|3.7|3596|books & learning,online-course,homeessentials
PROD00441|NairobiMart Storage Containers|Home & Kitchen|Storage Containers|NairobiMart|SKU-13799|88.92|187.66|52.6|1.05|1|0|1255|34|UAE|2022-09-26|1|3.0|3958|home & kitchen,storage-containers,nairobimart
PROD00442|AfriShop Art Supplies|Books & Learning|Art Supplies|AfriShop|SKU-55876|21.95|37.76|41.9|9.58|0|0|4135|51|UAE|2023-03-01|1|3.5|1553|books & learning,art-supplies,afrishop
PROD00443|AfriShop Honey Lite|Food & Beverages|Honey|AfriShop|SKU-79745|93.74|200.79|53.3|2.75|0|0|1931|102|UAE|2019-12-17|0|4.9|1557|food & beverages,honey,afrishop
PROD00444|BrightHome Perfume Pro|Beauty & Personal Care|Perfume|BrightHome|SKU-31418|105.99|346.87|69.4|7.03|0|0|1988|157|Nigeria|2022-10-02|1|4.1|4329|beauty & personal care,perfume,brighthome
PROD00445|TechNova Watch|Fashion|Watch|TechNova|SKU-86747|45.07|90.17|50.0|5.62|0|0|3218|183|South Africa|2019-06-21|1|4.1|3410|fashion,watch,technova
PROD00446|TechNova Bed Sheets|Home & Kitchen|Bed Sheets|TechNova|SKU-39589|27.41|94.28|70.9|8.32|0|0|24|109|USA|2018-08-20|1|3.7|1592|home & kitchen,bed-sheets,technova
PROD00447|PurePlus Baby Monitor Pro|Baby & Kids|Baby Monitor|PurePlus|SKU-27457|117.59|193.44|39.2|1.01|0|1|2812|55|Nigeria|2020-05-17|1|4.6|4326|baby & kids,baby-monitor,pureplus
PROD00448|StyleHub Puzzle|Books & Learning|Puzzle|StyleHub|SKU-46167|29.75|55.22|46.1|2.74|0|0|960|199|Germany|2020-04-13|1|3.4|1206|books & learning,puzzle,stylehub
PROD00449|NairobiMart Herbal Tea Pro|Food & Beverages|Herbal Tea|NairobiMart|SKU-44731|18.47|39.03|52.7|3.0|0|0|2366|52|Kenya|2023-12-17|1|3.2|2459|food & beverages,herbal-tea,nairobimart
PROD00450|EcoLife Protein Bars Lite|Food & Beverages|Protein Bars|EcoLife|SKU-26124|77.33|254.29|69.6|9.79|0|0|5000|54|Germany|2022-05-06|1|4.1|4105|food & beverages,protein-bars,ecolife
PROD00451|GlobalEdge Bed Sheets Lite|Home & Kitchen|Bed Sheets|GlobalEdge|SKU-91496|40.22|117.83|65.9|6.22|0|0|3069|175|Kenya|2022-01-15|1|2.8|3806|home & kitchen,bed-sheets,globaledge
PROD00452|LagosLux Jacket Pro|Fashion|Jacket|LagosLux|SKU-79341|41.38|143.23|71.1|2.28|0|0|4659|55|India|2018-07-19|1|3.8|1405|fashion,jacket,lagoslux
PROD00453|BrightHome Watch Lite|Fashion|Watch|BrightHome|SKU-28391|111.8|390.75|71.4|2.58|0|0|1954|200|UAE|2022-04-22|0|3.5|388|fashion,watch,brighthome
PROD00454|PurePlus Air Fryer Lite|Home & Kitchen|Air Fryer|PurePlus|SKU-61020|95.89|136.91|30.0|1.23|1|0|4873|170|Nigeria|2020-09-19|1|4.8|839|home & kitchen,air-fryer,pureplus
PROD00455|NairobiMart Handbag Pro|Fashion|Handbag|NairobiMart|SKU-92421|79.27|192.73|58.9|0.47|0|0|3479|29|Germany|2022-11-29|1|4.1|838|fashion,handbag,nairobimart
PROD00456|GlobalEdge Herbal Tea Pro|Food & Beverages|Herbal Tea|GlobalEdge|SKU-20668|49.81|84.25|40.9|4.21|1|1|431|57|UAE|2019-11-08|1|4.6|4432|food & beverages,herbal-tea,globaledge
PROD00457|LearningLeap Eye Shadow|Beauty & Personal Care|Eye Shadow|LearningLeap|SKU-82638|144.4|395.89|63.5|3.97|1|0|4489|85|USA|2022-03-04|1|3.8|3236|beauty & personal care,eye-shadow,learningleap
PROD00458|WellnessPlus Bluetooth Speaker|Electronics|Bluetooth Speaker|WellnessPlus|SKU-18840|77.27|150.57|48.7|2.93|0|0|2209|44|Germany|2022-05-26|1|3.8|4000|electronics,bluetooth-speaker,wellnessplus
PROD00459|EcoLife Honey Lite|Food & Beverages|Honey|EcoLife|SKU-56394|106.72|268.92|60.3|5.83|0|0|2638|199|Germany|2023-02-15|0|4.3|3578|food & beverages,honey,ecolife
PROD00460|KidzWorld Resistance Bands|Health & Wellness|Resistance Bands|KidzWorld|SKU-54566|106.24|284.56|62.7|3.21|0|0|3843|178|India|2022-05-17|1|2.8|2554|health & wellness,resistance-bands,kidzworld
PROD00461|AfriShop Dress Lite|Fashion|Dress|AfriShop|SKU-23549|57.24|106.39|46.2|3.23|0|0|1883|155|China|2020-08-26|1|4.6|208|fashion,dress,afrishop
PROD00462|LearningLeap Stroller Lite|Baby & Kids|Stroller|LearningLeap|SKU-60209|55.27|141.39|60.9|4.31|1|0|1732|101|Germany|2023-04-01|0|3.7|3982|baby & kids,stroller,learningleap
PROD00463|NairobiMart Shampoo|Beauty & Personal Care|Shampoo|NairobiMart|SKU-61042|120.19|190.24|36.8|1.74|0|0|2546|177|Germany|2019-03-02|1|4.7|1070|beauty & personal care,shampoo,nairobimart
PROD00464|FreshFarms Blood Pressure Monitor Lite|Health & Wellness|Blood Pressure Monitor|FreshFarms|SKU-92995|88.62|135.4|34.5|2.42|0|0|1969|96|USA|2021-02-06|1|3.8|3712|health & wellness,blood-pressure-monitor,freshfarms
PROD00465|BrightHome Safety Gate Pro|Baby & Kids|Safety Gate|BrightHome|SKU-99365|8.6|20.12|57.3|9.27|0|1|1830|134|Germany|2021-12-15|1|4.4|2705|baby & kids,safety-gate,brighthome
PROD00466|GlobalEdge Dress Pro|Fashion|Dress|GlobalEdge|SKU-82195|28.07|58.81|52.3|8.31|0|0|4854|173|China|2018-12-04|1|4.6|1391|fashion,dress,globaledge
PROD00467|KidzWorld Novel|Books & Learning|Novel|KidzWorld|SKU-99869|89.58|244.78|63.4|7.63|0|0|2684|51|India|2022-06-16|1|4.3|432|books & learning,novel,kidzworld
PROD00468|AfriShop Yoga Mat|Health & Wellness|Yoga Mat|AfriShop|SKU-10120|123.53|345.39|64.2|0.68|0|0|734|97|Kenya|2019-06-12|1|3.7|2620|health & wellness,yoga-mat,afrishop
PROD00469|BrightHome T-Shirt Lite|Fashion|T-Shirt|BrightHome|SKU-36439|35.54|101.61|65.0|6.79|0|0|3949|106|India|2021-09-28|1|3.4|576|fashion,t-shirt,brighthome
PROD00470|PanAfri Blood Pressure Monitor|Health & Wellness|Blood Pressure Monitor|PanAfri|SKU-56421|109.28|324.61|66.3|1.49|0|0|2015|62|Germany|2022-07-28|1|4.0|4081|health & wellness,blood-pressure-monitor,panafri
PROD00471|KidzWorld Puzzle|Books & Learning|Puzzle|KidzWorld|SKU-55787|30.76|52.36|41.3|9.97|0|0|1544|178|India|2023-09-11|1|3.0|540|books & learning,puzzle,kidzworld
PROD00472|NairobiMart Coconut Water|Food & Beverages|Coconut Water|NairobiMart|SKU-98784|121.25|374.82|67.7|2.39|0|1|2304|32|Germany|2020-10-20|1|4.6|3521|food & beverages,coconut-water,nairobimart
PROD00473|GlobalEdge Coffee Beans Pro|Food & Beverages|Coffee Beans|GlobalEdge|SKU-21424|102.52|279.26|63.3|2.3|0|0|1297|185|Kenya|2018-05-09|1|4.8|3977|food & beverages,coffee-beans,globaledge
PROD00474|KidzWorld Jeans Lite|Fashion|Jeans|KidzWorld|SKU-54835|141.11|429.62|67.2|7.68|0|0|2548|101|South Africa|2021-05-08|1|4.7|1704|fashion,jeans,kidzworld
PROD00475|LearningLeap Watch Pro|Fashion|Watch|LearningLeap|SKU-42783|19.29|40.41|52.3|2.1|0|0|909|37|China|2019-07-27|1|3.2|2581|fashion,watch,learningleap
PROD00476|SwiftBuy Knife Set Pro|Home & Kitchen|Knife Set|SwiftBuy|SKU-27733|37.55|56.46|33.5|2.0|0|0|673|62|South Africa|2018-10-14|1|4.2|2579|home & kitchen,knife-set,swiftbuy
PROD00477|ZonoTech Knife Set|Home & Kitchen|Knife Set|ZonoTech|SKU-65389|71.28|121.24|41.2|0.24|0|0|869|91|Kenya|2021-05-01|1|3.9|3579|home & kitchen,knife-set,zonotech
PROD00478|LagosLux Stroller|Baby & Kids|Stroller|LagosLux|SKU-42071|140.08|462.18|69.7|7.37|0|1|4742|126|India|2018-08-12|1|3.4|3578|baby & kids,stroller,lagoslux
PROD00479|BrightHome Nail Polish Lite|Beauty & Personal Care|Nail Polish|BrightHome|SKU-30667|124.28|413.64|70.0|2.37|0|0|2959|139|India|2023-02-03|1|3.0|3065|beauty & personal care,nail-polish,brighthome
PROD00480|GlobalEdge Sandals Pro|Fashion|Sandals|GlobalEdge|SKU-88982|81.94|206.04|60.2|8.95|0|0|4828|86|South Africa|2018-12-05|1|4.4|550|fashion,sandals,globaledge
PROD00481|PurePlus Backpack Pro|Fashion|Backpack|PurePlus|SKU-48431|49.09|152.9|67.9|9.98|0|0|2633|46|India|2018-01-25|1|3.0|3034|fashion,backpack,pureplus
PROD00482|UrbanCo Earbuds Pro|Electronics|Earbuds|UrbanCo|SKU-78985|131.33|453.67|71.1|3.82|0|0|2705|75|UAE|2018-02-08|1|3.9|3849|electronics,earbuds,urbanco
PROD00483|FreshFarms Wireless Mouse Pro|Electronics|Wireless Mouse|FreshFarms|SKU-59250|115.38|191.8|39.8|4.57|1|0|1871|118|UAE|2019-08-10|1|4.9|364|electronics,wireless-mouse,freshfarms
PROD00484|LearningLeap Kettle Pro|Home & Kitchen|Kettle|LearningLeap|SKU-97298|105.56|160.49|34.2|0.86|0|0|265|172|UAE|2020-09-15|1|4.7|351|home & kitchen,kettle,learningleap
PROD00485|LagosLux Sunglasses Lite|Fashion|Sunglasses|LagosLux|SKU-86992|63.8|119.0|46.4|6.22|0|0|719|108|Germany|2021-12-04|1|4.7|3996|fashion,sunglasses,lagoslux
PROD00486|UrbanCo Journal Pro|Books & Learning|Journal|UrbanCo|SKU-97377|98.2|285.45|65.6|8.75|0|0|4600|112|UAE|2023-08-19|1|3.0|2908|books & learning,journal,urbanco
PROD00487|StyleHub Vitamins Pro|Health & Wellness|Vitamins|StyleHub|SKU-19206|136.37|302.97|55.0|3.54|0|0|899|187|South Africa|2022-02-03|1|4.3|663|health & wellness,vitamins,stylehub
PROD00488|StyleHub Planner|Books & Learning|Planner|StyleHub|SKU-41393|85.27|223.64|61.9|4.26|0|0|3178|74|Nigeria|2018-02-27|1|4.7|2568|books & learning,planner,stylehub
PROD00489|StyleHub Hair Oil Lite|Beauty & Personal Care|Hair Oil|StyleHub|SKU-64437|20.14|66.54|69.7|9.84|0|0|2136|105|Kenya|2023-09-24|1|3.7|3310|beauty & personal care,hair-oil,stylehub
PROD00490|PanAfri Protein Powder Pro|Health & Wellness|Protein Powder|PanAfri|SKU-84384|14.98|25.54|41.3|4.57|0|0|2555|152|Nigeria|2023-06-15|1|4.0|4157|health & wellness,protein-powder,panafri
PROD00491|StyleHub Wall Clock|Home & Kitchen|Wall Clock|StyleHub|SKU-55548|111.71|176.4|36.7|1.7|0|0|2128|191|India|2022-05-12|1|4.6|1500|home & kitchen,wall-clock,stylehub
PROD00492|FreshFarms Stroller|Baby & Kids|Stroller|FreshFarms|SKU-10566|122.61|360.07|65.9|9.42|0|1|4803|193|China|2019-03-30|1|3.2|884|baby & kids,stroller,freshfarms
PROD00493|NairobiMart Dried Fruits|Food & Beverages|Dried Fruits|NairobiMart|SKU-99413|86.89|213.32|59.3|6.55|0|1|2833|67|Nigeria|2018-01-19|1|3.1|1578|food & beverages,dried-fruits,nairobimart
PROD00494|StyleHub Vitamins Lite|Health & Wellness|Vitamins|StyleHub|SKU-74268|30.72|69.92|56.1|4.6|0|0|2370|52|Germany|2018-09-23|1|3.5|68|health & wellness,vitamins,stylehub
PROD00495|SwiftBuy Vitamins|Health & Wellness|Vitamins|SwiftBuy|SKU-26706|128.71|223.26|42.3|3.15|0|0|3641|87|Nigeria|2020-04-27|1|3.5|1878|health & wellness,vitamins,swiftbuy
PROD00496|StyleHub Jacket Pro|Fashion|Jacket|StyleHub|SKU-29824|14.89|38.26|61.1|0.23|0|0|4424|10|Nigeria|2021-09-11|1|5.0|1136|fashion,jacket,stylehub
PROD00497|HomeEssentials Herbal Tea Pro|Food & Beverages|Herbal Tea|HomeEssentials|SKU-18398|52.22|173.83|70.0|7.13|0|0|4116|30|UAE|2023-06-08|1|2.9|1712|food & beverages,herbal-tea,homeessentials
PROD00498|StyleHub Educational Toy Pro|Baby & Kids|Educational Toy|StyleHub|SKU-90829|59.59|112.02|46.8|3.11|0|1|2017|50|Nigeria|2021-08-29|1|3.4|83|baby & kids,educational-toy,stylehub
PROD00499|SwiftBuy Smart Watch|Electronics|Smart Watch|SwiftBuy|SKU-97034|146.65|356.62|58.9|6.05|0|0|252|67|UAE|2022-01-19|1|4.2|1621|electronics,smart-watch,swiftbuy
PROD00500|SwiftBuy Protein Powder Lite|Health & Wellness|Protein Powder|SwiftBuy|SKU-68748|25.83|49.77|48.1|9.53|0|0|3699|35|South Africa|2018-07-14|1|4.6|2044|health & wellness,protein-powder,swiftbuy
